budget_id,user_id,category,monthly_budget_npr
BUD_NPU_00001_rent,NPU_00001,rent,280.29
BUD_NPU_00001_groceries,NPU_00001,groceries,18919.37
BUD_NPU_00001_restaurants_cafes,NPU_00001,restaurants_cafes,38679.59
BUD_NPU_00001_transport_public,NPU_00001,transport_public,17517.93
BUD_NPU_00001_transport_ride_hailing,NPU_00001,transport_ride_hailing,9810.04
BUD_NPU_00001_fuel,NPU_00001,fuel,6306.46
BUD_NPU_00001_internet_mobile,NPU_00001,internet_mobile,1681.72
BUD_NPU_00001_utilities,NPU_00001,utilities,1401.43
BUD_NPU_00001_education,NPU_00001,education,981.0
BUD_NPU_00001_health,NPU_00001,health,2522.58
BUD_NPU_00001_family_support,NPU_00001,family_support,700.72
BUD_NPU_00001_loan_emi,NPU_00001,loan_emi,420.43
BUD_NPU_00001_festivals_gifts,NPU_00001,festivals_gifts,981.0
BUD_NPU_00001_clothing,NPU_00001,clothing,3924.02
BUD_NPU_00001_travel,NPU_00001,travel,735.75
BUD_NPU_00001_subscriptions,NPU_00001,subscriptions,1121.15
BUD_NPU_00001_savings_investment,NPU_00001,savings_investment,560.57
BUD_NPU_00001_entertainment,NPU_00001,entertainment,14644.99
BUD_NPU_00001_miscellaneous,NPU_00001,miscellaneous,7007.17
BUD_NPU_00002_rent,NPU_00002,rent,218.13
BUD_NPU_00002_groceries,NPU_00002,groceries,14724.0
BUD_NPU_00002_restaurants_cafes,NPU_00002,restaurants_cafes,30102.4
BUD_NPU_00002_transport_public,NPU_00002,transport_public,13633.33
BUD_NPU_00002_transport_ride_hailing,NPU_00002,transport_ride_hailing,7634.67
BUD_NPU_00002_fuel,NPU_00002,fuel,4908.0
BUD_NPU_00002_internet_mobile,NPU_00002,internet_mobile,1308.8
BUD_NPU_00002_utilities,NPU_00002,utilities,1090.67
BUD_NPU_00002_education,NPU_00002,education,763.47
BUD_NPU_00002_health,NPU_00002,health,1963.2
BUD_NPU_00002_family_support,NPU_00002,family_support,545.33
BUD_NPU_00002_loan_emi,NPU_00002,loan_emi,327.2
BUD_NPU_00002_festivals_gifts,NPU_00002,festivals_gifts,763.47
BUD_NPU_00002_clothing,NPU_00002,clothing,3053.87
BUD_NPU_00002_travel,NPU_00002,travel,572.6
BUD_NPU_00002_subscriptions,NPU_00002,subscriptions,872.53
BUD_NPU_00002_savings_investment,NPU_00002,savings_investment,436.27
BUD_NPU_00002_entertainment,NPU_00002,entertainment,11397.47
BUD_NPU_00002_miscellaneous,NPU_00002,miscellaneous,5453.33
BUD_NPU_00003_rent,NPU_00003,rent,326.49
BUD_NPU_00003_groceries,NPU_00003,groceries,22038.07
BUD_NPU_00003_restaurants_cafes,NPU_00003,restaurants_cafes,18773.17
BUD_NPU_00003_transport_public,NPU_00003,transport_public,20405.62
BUD_NPU_00003_transport_ride_hailing,NPU_00003,transport_ride_hailing,11427.15
BUD_NPU_00003_fuel,NPU_00003,fuel,7346.02
BUD_NPU_00003_internet_mobile,NPU_00003,internet_mobile,1958.94
BUD_NPU_00003_utilities,NPU_00003,utilities,1632.45
BUD_NPU_00003_education,NPU_00003,education,1142.71
BUD_NPU_00003_health,NPU_00003,health,2938.41
BUD_NPU_00003_family_support,NPU_00003,family_support,816.22
BUD_NPU_00003_loan_emi,NPU_00003,loan_emi,489.73
BUD_NPU_00003_festivals_gifts,NPU_00003,festivals_gifts,2856.79
BUD_NPU_00003_clothing,NPU_00003,clothing,7770.46
BUD_NPU_00003_travel,NPU_00003,travel,799.9
BUD_NPU_00003_subscriptions,NPU_00003,subscriptions,1305.96
BUD_NPU_00003_savings_investment,NPU_00003,savings_investment,652.98
BUD_NPU_00003_entertainment,NPU_00003,entertainment,8978.47
BUD_NPU_00003_miscellaneous,NPU_00003,miscellaneous,8162.25
BUD_NPU_00004_rent,NPU_00004,rent,35.93
BUD_NPU_00004_groceries,NPU_00004,groceries,2425.39
BUD_NPU_00004_restaurants_cafes,NPU_00004,restaurants_cafes,2479.28
BUD_NPU_00004_transport_public,NPU_00004,transport_public,4491.46
BUD_NPU_00004_transport_ride_hailing,NPU_00004,transport_ride_hailing,1257.61
BUD_NPU_00004_fuel,NPU_00004,fuel,808.46
BUD_NPU_00004_internet_mobile,NPU_00004,internet_mobile,280.27
BUD_NPU_00004_utilities,NPU_00004,utilities,179.66
BUD_NPU_00004_education,NPU_00004,education,226.37
BUD_NPU_00004_health,NPU_00004,health,323.38
BUD_NPU_00004_family_support,NPU_00004,family_support,89.83
BUD_NPU_00004_loan_emi,NPU_00004,loan_emi,53.9
BUD_NPU_00004_festivals_gifts,NPU_00004,festivals_gifts,125.76
BUD_NPU_00004_clothing,NPU_00004,clothing,503.04
BUD_NPU_00004_travel,NPU_00004,travel,62.88
BUD_NPU_00004_subscriptions,NPU_00004,subscriptions,143.73
BUD_NPU_00004_savings_investment,NPU_00004,savings_investment,71.86
BUD_NPU_00004_entertainment,NPU_00004,entertainment,988.12
BUD_NPU_00004_miscellaneous,NPU_00004,miscellaneous,898.29
BUD_NPU_00005_rent,NPU_00005,rent,156.11
BUD_NPU_00005_groceries,NPU_00005,groceries,12644.73
BUD_NPU_00005_restaurants_cafes,NPU_00005,restaurants_cafes,8976.2
BUD_NPU_00005_transport_public,NPU_00005,transport_public,9756.74
BUD_NPU_00005_transport_ride_hailing,NPU_00005,transport_ride_hailing,5463.77
BUD_NPU_00005_fuel,NPU_00005,fuel,3512.43
BUD_NPU_00005_internet_mobile,NPU_00005,internet_mobile,936.65
BUD_NPU_00005_utilities,NPU_00005,utilities,780.54
BUD_NPU_00005_education,NPU_00005,education,546.38
BUD_NPU_00005_health,NPU_00005,health,1404.97
BUD_NPU_00005_family_support,NPU_00005,family_support,390.27
BUD_NPU_00005_loan_emi,NPU_00005,loan_emi,655.65
BUD_NPU_00005_festivals_gifts,NPU_00005,festivals_gifts,546.38
BUD_NPU_00005_clothing,NPU_00005,clothing,2185.51
BUD_NPU_00005_travel,NPU_00005,travel,273.19
BUD_NPU_00005_subscriptions,NPU_00005,subscriptions,624.43
BUD_NPU_00005_savings_investment,NPU_00005,savings_investment,312.22
BUD_NPU_00005_entertainment,NPU_00005,entertainment,4292.96
BUD_NPU_00005_miscellaneous,NPU_00005,miscellaneous,3902.69
BUD_NPU_00006_rent,NPU_00006,rent,351.66
BUD_NPU_00006_groceries,NPU_00006,groceries,30858.1
BUD_NPU_00006_restaurants_cafes,NPU_00006,restaurants_cafes,20220.41
BUD_NPU_00006_transport_public,NPU_00006,transport_public,26374.45
BUD_NPU_00006_transport_ride_hailing,NPU_00006,transport_ride_hailing,12308.08
BUD_NPU_00006_fuel,NPU_00006,fuel,7912.33
BUD_NPU_00006_internet_mobile,NPU_00006,internet_mobile,2531.95
BUD_NPU_00006_utilities,NPU_00006,utilities,1758.3
BUD_NPU_00006_education,NPU_00006,education,1230.81
BUD_NPU_00006_health,NPU_00006,health,3164.93
BUD_NPU_00006_family_support,NPU_00006,family_support,879.15
BUD_NPU_00006_loan_emi,NPU_00006,loan_emi,527.49
BUD_NPU_00006_festivals_gifts,NPU_00006,festivals_gifts,1230.81
BUD_NPU_00006_clothing,NPU_00006,clothing,4923.23
BUD_NPU_00006_travel,NPU_00006,travel,615.4
BUD_NPU_00006_subscriptions,NPU_00006,subscriptions,1406.64
BUD_NPU_00006_savings_investment,NPU_00006,savings_investment,703.32
BUD_NPU_00006_entertainment,NPU_00006,entertainment,9670.63
BUD_NPU_00006_miscellaneous,NPU_00006,miscellaneous,8791.48
BUD_NPU_00007_rent,NPU_00007,rent,422.43
BUD_NPU_00007_groceries,NPU_00007,groceries,28513.77
BUD_NPU_00007_restaurants_cafes,NPU_00007,restaurants_cafes,24289.51
BUD_NPU_00007_transport_public,NPU_00007,transport_public,26401.64
BUD_NPU_00007_transport_ride_hailing,NPU_00007,transport_ride_hailing,14784.92
BUD_NPU_00007_fuel,NPU_00007,fuel,9504.59
BUD_NPU_00007_internet_mobile,NPU_00007,internet_mobile,2534.56
BUD_NPU_00007_utilities,NPU_00007,utilities,2112.13
BUD_NPU_00007_education,NPU_00007,education,2069.89
BUD_NPU_00007_health,NPU_00007,health,4562.2
BUD_NPU_00007_family_support,NPU_00007,family_support,2956.98
BUD_NPU_00007_loan_emi,NPU_00007,loan_emi,633.64
BUD_NPU_00007_festivals_gifts,NPU_00007,festivals_gifts,1478.49
BUD_NPU_00007_clothing,NPU_00007,clothing,5913.97
BUD_NPU_00007_travel,NPU_00007,travel,739.25
BUD_NPU_00007_subscriptions,NPU_00007,subscriptions,1689.7
BUD_NPU_00007_savings_investment,NPU_00007,savings_investment,844.85
BUD_NPU_00007_entertainment,NPU_00007,entertainment,11616.72
BUD_NPU_00007_miscellaneous,NPU_00007,miscellaneous,10560.66
BUD_NPU_00008_rent,NPU_00008,rent,437.23
BUD_NPU_00008_groceries,NPU_00008,groceries,29512.94
BUD_NPU_00008_restaurants_cafes,NPU_00008,restaurants_cafes,35196.92
BUD_NPU_00008_transport_public,NPU_00008,transport_public,27326.8
BUD_NPU_00008_transport_ride_hailing,NPU_00008,transport_ride_hailing,15303.01
BUD_NPU_00008_fuel,NPU_00008,fuel,18691.53
BUD_NPU_00008_internet_mobile,NPU_00008,internet_mobile,2623.37
BUD_NPU_00008_utilities,NPU_00008,utilities,2186.14
BUD_NPU_00008_education,NPU_00008,education,1530.3
BUD_NPU_00008_health,NPU_00008,health,3935.06
BUD_NPU_00008_family_support,NPU_00008,family_support,1093.07
BUD_NPU_00008_loan_emi,NPU_00008,loan_emi,655.84
BUD_NPU_00008_festivals_gifts,NPU_00008,festivals_gifts,1530.3
BUD_NPU_00008_clothing,NPU_00008,clothing,6121.2
BUD_NPU_00008_travel,NPU_00008,travel,765.15
BUD_NPU_00008_subscriptions,NPU_00008,subscriptions,1748.92
BUD_NPU_00008_savings_investment,NPU_00008,savings_investment,874.46
BUD_NPU_00008_entertainment,NPU_00008,entertainment,12023.79
BUD_NPU_00008_miscellaneous,NPU_00008,miscellaneous,16396.08
BUD_NPU_00009_rent,NPU_00009,rent,378.79
BUD_NPU_00009_groceries,NPU_00009,groceries,25568.54
BUD_NPU_00009_restaurants_cafes,NPU_00009,restaurants_cafes,21780.61
BUD_NPU_00009_transport_public,NPU_00009,transport_public,23674.57
BUD_NPU_00009_transport_ride_hailing,NPU_00009,transport_ride_hailing,13257.76
BUD_NPU_00009_fuel,NPU_00009,fuel,8522.85
BUD_NPU_00009_internet_mobile,NPU_00009,internet_mobile,2272.76
BUD_NPU_00009_utilities,NPU_00009,utilities,1893.97
BUD_NPU_00009_education,NPU_00009,education,1856.09
BUD_NPU_00009_health,NPU_00009,health,4090.97
BUD_NPU_00009_family_support,NPU_00009,family_support,2651.55
BUD_NPU_00009_loan_emi,NPU_00009,loan_emi,568.19
BUD_NPU_00009_festivals_gifts,NPU_00009,festivals_gifts,1325.78
BUD_NPU_00009_clothing,NPU_00009,clothing,5303.1
BUD_NPU_00009_travel,NPU_00009,travel,662.89
BUD_NPU_00009_subscriptions,NPU_00009,subscriptions,1515.17
BUD_NPU_00009_savings_investment,NPU_00009,savings_investment,757.59
BUD_NPU_00009_entertainment,NPU_00009,entertainment,10416.81
BUD_NPU_00009_miscellaneous,NPU_00009,miscellaneous,9469.83
BUD_NPU_00010_rent,NPU_00010,rent,117.77
BUD_NPU_00010_groceries,NPU_00010,groceries,7949.7
BUD_NPU_00010_restaurants_cafes,NPU_00010,restaurants_cafes,16252.72
BUD_NPU_00010_transport_public,NPU_00010,transport_public,7360.83
BUD_NPU_00010_transport_ride_hailing,NPU_00010,transport_ride_hailing,4122.07
BUD_NPU_00010_fuel,NPU_00010,fuel,2649.9
BUD_NPU_00010_internet_mobile,NPU_00010,internet_mobile,706.64
BUD_NPU_00010_utilities,NPU_00010,utilities,588.87
BUD_NPU_00010_education,NPU_00010,education,412.21
BUD_NPU_00010_health,NPU_00010,health,1059.96
BUD_NPU_00010_family_support,NPU_00010,family_support,294.43
BUD_NPU_00010_loan_emi,NPU_00010,loan_emi,176.66
BUD_NPU_00010_festivals_gifts,NPU_00010,festivals_gifts,412.21
BUD_NPU_00010_clothing,NPU_00010,clothing,1648.83
BUD_NPU_00010_travel,NPU_00010,travel,309.16
BUD_NPU_00010_subscriptions,NPU_00010,subscriptions,471.09
BUD_NPU_00010_savings_investment,NPU_00010,savings_investment,235.55
BUD_NPU_00010_entertainment,NPU_00010,entertainment,6153.66
BUD_NPU_00010_miscellaneous,NPU_00010,miscellaneous,2944.33
BUD_NPU_00011_rent,NPU_00011,rent,621.79
BUD_NPU_00011_groceries,NPU_00011,groceries,41971.01
BUD_NPU_00011_restaurants_cafes,NPU_00011,restaurants_cafes,42903.7
BUD_NPU_00011_transport_public,NPU_00011,transport_public,38862.04
BUD_NPU_00011_transport_ride_hailing,NPU_00011,transport_ride_hailing,21762.74
BUD_NPU_00011_fuel,NPU_00011,fuel,13990.34
BUD_NPU_00011_internet_mobile,NPU_00011,internet_mobile,5596.13
BUD_NPU_00011_utilities,NPU_00011,utilities,3108.96
BUD_NPU_00011_education,NPU_00011,education,2176.27
BUD_NPU_00011_health,NPU_00011,health,5596.13
BUD_NPU_00011_family_support,NPU_00011,family_support,1554.48
BUD_NPU_00011_loan_emi,NPU_00011,loan_emi,932.69
BUD_NPU_00011_festivals_gifts,NPU_00011,festivals_gifts,2176.27
BUD_NPU_00011_clothing,NPU_00011,clothing,8705.1
BUD_NPU_00011_travel,NPU_00011,travel,1088.14
BUD_NPU_00011_subscriptions,NPU_00011,subscriptions,3979.47
BUD_NPU_00011_savings_investment,NPU_00011,savings_investment,1243.59
BUD_NPU_00011_entertainment,NPU_00011,entertainment,17099.3
BUD_NPU_00011_miscellaneous,NPU_00011,miscellaneous,15544.82
BUD_NPU_00012_rent,NPU_00012,rent,370.37
BUD_NPU_00012_groceries,NPU_00012,groceries,24999.69
BUD_NPU_00012_restaurants_cafes,NPU_00012,restaurants_cafes,51110.47
BUD_NPU_00012_transport_public,NPU_00012,transport_public,23147.86
BUD_NPU_00012_transport_ride_hailing,NPU_00012,transport_ride_hailing,12962.8
BUD_NPU_00012_fuel,NPU_00012,fuel,8333.23
BUD_NPU_00012_internet_mobile,NPU_00012,internet_mobile,2222.19
BUD_NPU_00012_utilities,NPU_00012,utilities,1851.83
BUD_NPU_00012_education,NPU_00012,education,1296.28
BUD_NPU_00012_health,NPU_00012,health,3333.29
BUD_NPU_00012_family_support,NPU_00012,family_support,925.91
BUD_NPU_00012_loan_emi,NPU_00012,loan_emi,555.55
BUD_NPU_00012_festivals_gifts,NPU_00012,festivals_gifts,1296.28
BUD_NPU_00012_clothing,NPU_00012,clothing,5185.12
BUD_NPU_00012_travel,NPU_00012,travel,972.21
BUD_NPU_00012_subscriptions,NPU_00012,subscriptions,1481.46
BUD_NPU_00012_savings_investment,NPU_00012,savings_investment,740.73
BUD_NPU_00012_entertainment,NPU_00012,entertainment,19351.61
BUD_NPU_00012_miscellaneous,NPU_00012,miscellaneous,9259.14
BUD_NPU_00013_rent,NPU_00013,rent,93.1
BUD_NPU_00013_groceries,NPU_00013,groceries,6284.35
BUD_NPU_00013_restaurants_cafes,NPU_00013,restaurants_cafes,6424.0
BUD_NPU_00013_transport_public,NPU_00013,transport_public,11637.68
BUD_NPU_00013_transport_ride_hailing,NPU_00013,transport_ride_hailing,3258.55
BUD_NPU_00013_fuel,NPU_00013,fuel,2094.78
BUD_NPU_00013_internet_mobile,NPU_00013,internet_mobile,726.19
BUD_NPU_00013_utilities,NPU_00013,utilities,465.51
BUD_NPU_00013_education,NPU_00013,education,586.54
BUD_NPU_00013_health,NPU_00013,health,837.91
BUD_NPU_00013_family_support,NPU_00013,family_support,232.75
BUD_NPU_00013_loan_emi,NPU_00013,loan_emi,139.65
BUD_NPU_00013_festivals_gifts,NPU_00013,festivals_gifts,325.86
BUD_NPU_00013_clothing,NPU_00013,clothing,1303.42
BUD_NPU_00013_travel,NPU_00013,travel,162.93
BUD_NPU_00013_subscriptions,NPU_00013,subscriptions,372.41
BUD_NPU_00013_savings_investment,NPU_00013,savings_investment,186.2
BUD_NPU_00013_entertainment,NPU_00013,entertainment,2560.29
BUD_NPU_00013_miscellaneous,NPU_00013,miscellaneous,2327.54
BUD_NPU_00014_rent,NPU_00014,rent,42.43
BUD_NPU_00014_groceries,NPU_00014,groceries,2864.36
BUD_NPU_00014_restaurants_cafes,NPU_00014,restaurants_cafes,2928.01
BUD_NPU_00014_transport_public,NPU_00014,transport_public,5304.37
BUD_NPU_00014_transport_ride_hailing,NPU_00014,transport_ride_hailing,1485.22
BUD_NPU_00014_fuel,NPU_00014,fuel,954.79
BUD_NPU_00014_internet_mobile,NPU_00014,internet_mobile,330.99
BUD_NPU_00014_utilities,NPU_00014,utilities,212.17
BUD_NPU_00014_education,NPU_00014,education,267.34
BUD_NPU_00014_health,NPU_00014,health,381.91
BUD_NPU_00014_family_support,NPU_00014,family_support,106.09
BUD_NPU_00014_loan_emi,NPU_00014,loan_emi,63.65
BUD_NPU_00014_festivals_gifts,NPU_00014,festivals_gifts,148.52
BUD_NPU_00014_clothing,NPU_00014,clothing,594.09
BUD_NPU_00014_travel,NPU_00014,travel,74.26
BUD_NPU_00014_subscriptions,NPU_00014,subscriptions,169.74
BUD_NPU_00014_savings_investment,NPU_00014,savings_investment,84.87
BUD_NPU_00014_entertainment,NPU_00014,entertainment,1166.96
BUD_NPU_00014_miscellaneous,NPU_00014,miscellaneous,1060.87
BUD_NPU_00015_rent,NPU_00015,rent,218.28
BUD_NPU_00015_groceries,NPU_00015,groceries,14733.81
BUD_NPU_00015_restaurants_cafes,NPU_00015,restaurants_cafes,30122.45
BUD_NPU_00015_transport_public,NPU_00015,transport_public,13642.42
BUD_NPU_00015_transport_ride_hailing,NPU_00015,transport_ride_hailing,7639.75
BUD_NPU_00015_fuel,NPU_00015,fuel,4911.27
BUD_NPU_00015_internet_mobile,NPU_00015,internet_mobile,1309.67
BUD_NPU_00015_utilities,NPU_00015,utilities,1091.39
BUD_NPU_00015_education,NPU_00015,education,763.98
BUD_NPU_00015_health,NPU_00015,health,1964.51
BUD_NPU_00015_family_support,NPU_00015,family_support,545.7
BUD_NPU_00015_loan_emi,NPU_00015,loan_emi,327.42
BUD_NPU_00015_festivals_gifts,NPU_00015,festivals_gifts,763.98
BUD_NPU_00015_clothing,NPU_00015,clothing,3055.9
BUD_NPU_00015_travel,NPU_00015,travel,572.98
BUD_NPU_00015_subscriptions,NPU_00015,subscriptions,873.11
BUD_NPU_00015_savings_investment,NPU_00015,savings_investment,436.56
BUD_NPU_00015_entertainment,NPU_00015,entertainment,11405.06
BUD_NPU_00015_miscellaneous,NPU_00015,miscellaneous,5456.97
BUD_NPU_00016_rent,NPU_00016,rent,76.82
BUD_NPU_00016_groceries,NPU_00016,groceries,5185.48
BUD_NPU_00016_restaurants_cafes,NPU_00016,restaurants_cafes,5300.71
BUD_NPU_00016_transport_public,NPU_00016,transport_public,9602.74
BUD_NPU_00016_transport_ride_hailing,NPU_00016,transport_ride_hailing,2688.77
BUD_NPU_00016_fuel,NPU_00016,fuel,1728.49
BUD_NPU_00016_internet_mobile,NPU_00016,internet_mobile,599.21
BUD_NPU_00016_utilities,NPU_00016,utilities,384.11
BUD_NPU_00016_education,NPU_00016,education,483.98
BUD_NPU_00016_health,NPU_00016,health,691.4
BUD_NPU_00016_family_support,NPU_00016,family_support,192.05
BUD_NPU_00016_loan_emi,NPU_00016,loan_emi,115.23
BUD_NPU_00016_festivals_gifts,NPU_00016,festivals_gifts,268.88
BUD_NPU_00016_clothing,NPU_00016,clothing,1075.51
BUD_NPU_00016_travel,NPU_00016,travel,134.44
BUD_NPU_00016_subscriptions,NPU_00016,subscriptions,307.29
BUD_NPU_00016_savings_investment,NPU_00016,savings_investment,153.64
BUD_NPU_00016_entertainment,NPU_00016,entertainment,2112.6
BUD_NPU_00016_miscellaneous,NPU_00016,miscellaneous,1920.55
BUD_NPU_00017_rent,NPU_00017,rent,263.87
BUD_NPU_00017_groceries,NPU_00017,groceries,23154.75
BUD_NPU_00017_restaurants_cafes,NPU_00017,restaurants_cafes,15172.63
BUD_NPU_00017_transport_public,NPU_00017,transport_public,19790.38
BUD_NPU_00017_transport_ride_hailing,NPU_00017,transport_ride_hailing,9235.51
BUD_NPU_00017_fuel,NPU_00017,fuel,5937.12
BUD_NPU_00017_internet_mobile,NPU_00017,internet_mobile,1899.88
BUD_NPU_00017_utilities,NPU_00017,utilities,1319.36
BUD_NPU_00017_education,NPU_00017,education,923.55
BUD_NPU_00017_health,NPU_00017,health,2374.85
BUD_NPU_00017_family_support,NPU_00017,family_support,659.68
BUD_NPU_00017_loan_emi,NPU_00017,loan_emi,395.81
BUD_NPU_00017_festivals_gifts,NPU_00017,festivals_gifts,923.55
BUD_NPU_00017_clothing,NPU_00017,clothing,3694.21
BUD_NPU_00017_travel,NPU_00017,travel,461.78
BUD_NPU_00017_subscriptions,NPU_00017,subscriptions,1055.49
BUD_NPU_00017_savings_investment,NPU_00017,savings_investment,527.74
BUD_NPU_00017_entertainment,NPU_00017,entertainment,7256.47
BUD_NPU_00017_miscellaneous,NPU_00017,miscellaneous,6596.79
BUD_NPU_00018_rent,NPU_00018,rent,150.81
BUD_NPU_00018_groceries,NPU_00018,groceries,10179.5
BUD_NPU_00018_restaurants_cafes,NPU_00018,restaurants_cafes,8671.42
BUD_NPU_00018_transport_public,NPU_00018,transport_public,9425.46
BUD_NPU_00018_transport_ride_hailing,NPU_00018,transport_ride_hailing,5278.26
BUD_NPU_00018_fuel,NPU_00018,fuel,3393.17
BUD_NPU_00018_internet_mobile,NPU_00018,internet_mobile,904.84
BUD_NPU_00018_utilities,NPU_00018,utilities,754.04
BUD_NPU_00018_education,NPU_00018,education,738.96
BUD_NPU_00018_health,NPU_00018,health,1628.72
BUD_NPU_00018_family_support,NPU_00018,family_support,1055.65
BUD_NPU_00018_loan_emi,NPU_00018,loan_emi,226.21
BUD_NPU_00018_festivals_gifts,NPU_00018,festivals_gifts,527.83
BUD_NPU_00018_clothing,NPU_00018,clothing,2111.3
BUD_NPU_00018_travel,NPU_00018,travel,263.91
BUD_NPU_00018_subscriptions,NPU_00018,subscriptions,603.23
BUD_NPU_00018_savings_investment,NPU_00018,savings_investment,301.61
BUD_NPU_00018_entertainment,NPU_00018,entertainment,4147.2
BUD_NPU_00018_miscellaneous,NPU_00018,miscellaneous,3770.18
BUD_NPU_00019_rent,NPU_00019,rent,923.91
BUD_NPU_00019_groceries,NPU_00019,groceries,62363.89
BUD_NPU_00019_restaurants_cafes,NPU_00019,restaurants_cafes,74374.71
BUD_NPU_00019_transport_public,NPU_00019,transport_public,57744.34
BUD_NPU_00019_transport_ride_hailing,NPU_00019,transport_ride_hailing,32336.83
BUD_NPU_00019_fuel,NPU_00019,fuel,39497.13
BUD_NPU_00019_internet_mobile,NPU_00019,internet_mobile,5543.46
BUD_NPU_00019_utilities,NPU_00019,utilities,4619.55
BUD_NPU_00019_education,NPU_00019,education,3233.68
BUD_NPU_00019_health,NPU_00019,health,8315.19
BUD_NPU_00019_family_support,NPU_00019,family_support,2309.77
BUD_NPU_00019_loan_emi,NPU_00019,loan_emi,1385.86
BUD_NPU_00019_festivals_gifts,NPU_00019,festivals_gifts,3233.68
BUD_NPU_00019_clothing,NPU_00019,clothing,12934.73
BUD_NPU_00019_travel,NPU_00019,travel,1616.84
BUD_NPU_00019_subscriptions,NPU_00019,subscriptions,3695.64
BUD_NPU_00019_savings_investment,NPU_00019,savings_investment,1847.82
BUD_NPU_00019_entertainment,NPU_00019,entertainment,25407.51
BUD_NPU_00019_miscellaneous,NPU_00019,miscellaneous,34646.61
BUD_NPU_00020_rent,NPU_00020,rent,167.35
BUD_NPU_00020_groceries,NPU_00020,groceries,14685.15
BUD_NPU_00020_restaurants_cafes,NPU_00020,restaurants_cafes,9622.75
BUD_NPU_00020_transport_public,NPU_00020,transport_public,12551.41
BUD_NPU_00020_transport_ride_hailing,NPU_00020,transport_ride_hailing,5857.32
BUD_NPU_00020_fuel,NPU_00020,fuel,3765.42
BUD_NPU_00020_internet_mobile,NPU_00020,internet_mobile,1204.94
BUD_NPU_00020_utilities,NPU_00020,utilities,836.76
BUD_NPU_00020_education,NPU_00020,education,585.73
BUD_NPU_00020_health,NPU_00020,health,1506.17
BUD_NPU_00020_family_support,NPU_00020,family_support,418.38
BUD_NPU_00020_loan_emi,NPU_00020,loan_emi,251.03
BUD_NPU_00020_festivals_gifts,NPU_00020,festivals_gifts,585.73
BUD_NPU_00020_clothing,NPU_00020,clothing,2342.93
BUD_NPU_00020_travel,NPU_00020,travel,292.87
BUD_NPU_00020_subscriptions,NPU_00020,subscriptions,669.41
BUD_NPU_00020_savings_investment,NPU_00020,savings_investment,334.7
BUD_NPU_00020_entertainment,NPU_00020,entertainment,4602.18
BUD_NPU_00020_miscellaneous,NPU_00020,miscellaneous,4183.8
BUD_NPU_00021_rent,NPU_00021,rent,154.43
BUD_NPU_00021_groceries,NPU_00021,groceries,13551.08
BUD_NPU_00021_restaurants_cafes,NPU_00021,restaurants_cafes,8879.62
BUD_NPU_00021_transport_public,NPU_00021,transport_public,11582.12
BUD_NPU_00021_transport_ride_hailing,NPU_00021,transport_ride_hailing,5404.99
BUD_NPU_00021_fuel,NPU_00021,fuel,3474.64
BUD_NPU_00021_internet_mobile,NPU_00021,internet_mobile,1111.88
BUD_NPU_00021_utilities,NPU_00021,utilities,772.14
BUD_NPU_00021_education,NPU_00021,education,540.5
BUD_NPU_00021_health,NPU_00021,health,1389.85
BUD_NPU_00021_family_support,NPU_00021,family_support,386.07
BUD_NPU_00021_loan_emi,NPU_00021,loan_emi,231.64
BUD_NPU_00021_festivals_gifts,NPU_00021,festivals_gifts,540.5
BUD_NPU_00021_clothing,NPU_00021,clothing,2162.0
BUD_NPU_00021_travel,NPU_00021,travel,270.25
BUD_NPU_00021_subscriptions,NPU_00021,subscriptions,617.71
BUD_NPU_00021_savings_investment,NPU_00021,savings_investment,308.86
BUD_NPU_00021_entertainment,NPU_00021,entertainment,4246.78
BUD_NPU_00021_miscellaneous,NPU_00021,miscellaneous,3860.71
BUD_NPU_00022_rent,NPU_00022,rent,698.23
BUD_NPU_00022_groceries,NPU_00022,groceries,47130.21
BUD_NPU_00022_restaurants_cafes,NPU_00022,restaurants_cafes,40147.96
BUD_NPU_00022_transport_public,NPU_00022,transport_public,43639.08
BUD_NPU_00022_transport_ride_hailing,NPU_00022,transport_ride_hailing,24437.89
BUD_NPU_00022_fuel,NPU_00022,fuel,15710.07
BUD_NPU_00022_internet_mobile,NPU_00022,internet_mobile,4189.35
BUD_NPU_00022_utilities,NPU_00022,utilities,3491.13
BUD_NPU_00022_education,NPU_00022,education,3421.3
BUD_NPU_00022_health,NPU_00022,health,7540.83
BUD_NPU_00022_family_support,NPU_00022,family_support,4887.58
BUD_NPU_00022_loan_emi,NPU_00022,loan_emi,1047.34
BUD_NPU_00022_festivals_gifts,NPU_00022,festivals_gifts,2443.79
BUD_NPU_00022_clothing,NPU_00022,clothing,9775.15
BUD_NPU_00022_travel,NPU_00022,travel,1221.89
BUD_NPU_00022_subscriptions,NPU_00022,subscriptions,2792.9
BUD_NPU_00022_savings_investment,NPU_00022,savings_investment,1396.45
BUD_NPU_00022_entertainment,NPU_00022,entertainment,19201.2
BUD_NPU_00022_miscellaneous,NPU_00022,miscellaneous,17455.63
BUD_NPU_00023_rent,NPU_00023,rent,567.19
BUD_NPU_00023_groceries,NPU_00023,groceries,38285.39
BUD_NPU_00023_restaurants_cafes,NPU_00023,restaurants_cafes,32613.48
BUD_NPU_00023_transport_public,NPU_00023,transport_public,35449.43
BUD_NPU_00023_transport_ride_hailing,NPU_00023,transport_ride_hailing,19851.68
BUD_NPU_00023_fuel,NPU_00023,fuel,12761.8
BUD_NPU_00023_internet_mobile,NPU_00023,internet_mobile,3403.15
BUD_NPU_00023_utilities,NPU_00023,utilities,2835.95
BUD_NPU_00023_education,NPU_00023,education,2779.24
BUD_NPU_00023_health,NPU_00023,health,6125.66
BUD_NPU_00023_family_support,NPU_00023,family_support,3970.34
BUD_NPU_00023_loan_emi,NPU_00023,loan_emi,850.79
BUD_NPU_00023_festivals_gifts,NPU_00023,festivals_gifts,1985.17
BUD_NPU_00023_clothing,NPU_00023,clothing,7940.67
BUD_NPU_00023_travel,NPU_00023,travel,992.58
BUD_NPU_00023_subscriptions,NPU_00023,subscriptions,2268.76
BUD_NPU_00023_savings_investment,NPU_00023,savings_investment,1134.38
BUD_NPU_00023_entertainment,NPU_00023,entertainment,15597.75
BUD_NPU_00023_miscellaneous,NPU_00023,miscellaneous,14179.77
BUD_NPU_00024_rent,NPU_00024,rent,171.89
BUD_NPU_00024_groceries,NPU_00024,groceries,11602.78
BUD_NPU_00024_restaurants_cafes,NPU_00024,restaurants_cafes,11860.62
BUD_NPU_00024_transport_public,NPU_00024,transport_public,10743.31
BUD_NPU_00024_transport_ride_hailing,NPU_00024,transport_ride_hailing,6016.26
BUD_NPU_00024_fuel,NPU_00024,fuel,3867.59
BUD_NPU_00024_internet_mobile,NPU_00024,internet_mobile,1547.04
BUD_NPU_00024_utilities,NPU_00024,utilities,859.47
BUD_NPU_00024_education,NPU_00024,education,601.63
BUD_NPU_00024_health,NPU_00024,health,1547.04
BUD_NPU_00024_family_support,NPU_00024,family_support,429.73
BUD_NPU_00024_loan_emi,NPU_00024,loan_emi,257.84
BUD_NPU_00024_festivals_gifts,NPU_00024,festivals_gifts,601.63
BUD_NPU_00024_clothing,NPU_00024,clothing,2406.5
BUD_NPU_00024_travel,NPU_00024,travel,300.81
BUD_NPU_00024_subscriptions,NPU_00024,subscriptions,1100.12
BUD_NPU_00024_savings_investment,NPU_00024,savings_investment,343.79
BUD_NPU_00024_entertainment,NPU_00024,entertainment,4727.06
BUD_NPU_00024_miscellaneous,NPU_00024,miscellaneous,4297.33
BUD_NPU_00025_rent,NPU_00025,rent,114.22
BUD_NPU_00025_groceries,NPU_00025,groceries,7709.66
BUD_NPU_00025_restaurants_cafes,NPU_00025,restaurants_cafes,7880.99
BUD_NPU_00025_transport_public,NPU_00025,transport_public,7138.58
BUD_NPU_00025_transport_ride_hailing,NPU_00025,transport_ride_hailing,3997.6
BUD_NPU_00025_fuel,NPU_00025,fuel,2569.89
BUD_NPU_00025_internet_mobile,NPU_00025,internet_mobile,1027.95
BUD_NPU_00025_utilities,NPU_00025,utilities,571.09
BUD_NPU_00025_education,NPU_00025,education,399.76
BUD_NPU_00025_health,NPU_00025,health,1027.95
BUD_NPU_00025_family_support,NPU_00025,family_support,285.54
BUD_NPU_00025_loan_emi,NPU_00025,loan_emi,171.33
BUD_NPU_00025_festivals_gifts,NPU_00025,festivals_gifts,399.76
BUD_NPU_00025_clothing,NPU_00025,clothing,1599.04
BUD_NPU_00025_travel,NPU_00025,travel,199.88
BUD_NPU_00025_subscriptions,NPU_00025,subscriptions,730.99
BUD_NPU_00025_savings_investment,NPU_00025,savings_investment,228.43
BUD_NPU_00025_entertainment,NPU_00025,entertainment,3140.97
BUD_NPU_00025_miscellaneous,NPU_00025,miscellaneous,2855.43
BUD_NPU_00026_rent,NPU_00026,rent,348.03
BUD_NPU_00026_groceries,NPU_00026,groceries,23491.95
BUD_NPU_00026_restaurants_cafes,NPU_00026,restaurants_cafes,20011.66
BUD_NPU_00026_transport_public,NPU_00026,transport_public,21751.8
BUD_NPU_00026_transport_ride_hailing,NPU_00026,transport_ride_hailing,12181.01
BUD_NPU_00026_fuel,NPU_00026,fuel,7830.65
BUD_NPU_00026_internet_mobile,NPU_00026,internet_mobile,2088.17
BUD_NPU_00026_utilities,NPU_00026,utilities,1740.14
BUD_NPU_00026_education,NPU_00026,education,1705.34
BUD_NPU_00026_health,NPU_00026,health,3758.71
BUD_NPU_00026_family_support,NPU_00026,family_support,2436.2
BUD_NPU_00026_loan_emi,NPU_00026,loan_emi,522.04
BUD_NPU_00026_festivals_gifts,NPU_00026,festivals_gifts,1218.1
BUD_NPU_00026_clothing,NPU_00026,clothing,4872.4
BUD_NPU_00026_travel,NPU_00026,travel,609.05
BUD_NPU_00026_subscriptions,NPU_00026,subscriptions,1392.12
BUD_NPU_00026_savings_investment,NPU_00026,savings_investment,696.06
BUD_NPU_00026_entertainment,NPU_00026,entertainment,9570.79
BUD_NPU_00026_miscellaneous,NPU_00026,miscellaneous,8700.72
BUD_NPU_00027_rent,NPU_00027,rent,170.28
BUD_NPU_00027_groceries,NPU_00027,groceries,14941.65
BUD_NPU_00027_restaurants_cafes,NPU_00027,restaurants_cafes,9790.83
BUD_NPU_00027_transport_public,NPU_00027,transport_public,12770.64
BUD_NPU_00027_transport_ride_hailing,NPU_00027,transport_ride_hailing,5959.63
BUD_NPU_00027_fuel,NPU_00027,fuel,3831.19
BUD_NPU_00027_internet_mobile,NPU_00027,internet_mobile,1225.98
BUD_NPU_00027_utilities,NPU_00027,utilities,851.38
BUD_NPU_00027_education,NPU_00027,education,595.96
BUD_NPU_00027_health,NPU_00027,health,1532.48
BUD_NPU_00027_family_support,NPU_00027,family_support,425.69
BUD_NPU_00027_loan_emi,NPU_00027,loan_emi,255.41
BUD_NPU_00027_festivals_gifts,NPU_00027,festivals_gifts,595.96
BUD_NPU_00027_clothing,NPU_00027,clothing,2383.85
BUD_NPU_00027_travel,NPU_00027,travel,297.98
BUD_NPU_00027_subscriptions,NPU_00027,subscriptions,681.1
BUD_NPU_00027_savings_investment,NPU_00027,savings_investment,340.55
BUD_NPU_00027_entertainment,NPU_00027,entertainment,4682.57
BUD_NPU_00027_miscellaneous,NPU_00027,miscellaneous,4256.88
BUD_NPU_00028_rent,NPU_00028,rent,171.8
BUD_NPU_00028_groceries,NPU_00028,groceries,5271.16
BUD_NPU_00028_restaurants_cafes,NPU_00028,restaurants_cafes,4490.25
BUD_NPU_00028_transport_public,NPU_00028,transport_public,6344.91
BUD_NPU_00028_transport_ride_hailing,NPU_00028,transport_ride_hailing,2733.19
BUD_NPU_00028_fuel,NPU_00028,fuel,1757.05
BUD_NPU_00028_internet_mobile,NPU_00028,internet_mobile,468.55
BUD_NPU_00028_utilities,NPU_00028,utilities,546.64
BUD_NPU_00028_education,NPU_00028,education,273.32
BUD_NPU_00028_health,NPU_00028,health,702.82
BUD_NPU_00028_family_support,NPU_00028,family_support,195.23
BUD_NPU_00028_loan_emi,NPU_00028,loan_emi,117.14
BUD_NPU_00028_festivals_gifts,NPU_00028,festivals_gifts,273.32
BUD_NPU_00028_clothing,NPU_00028,clothing,1093.28
BUD_NPU_00028_travel,NPU_00028,travel,136.66
BUD_NPU_00028_subscriptions,NPU_00028,subscriptions,312.37
BUD_NPU_00028_savings_investment,NPU_00028,savings_investment,156.18
BUD_NPU_00028_entertainment,NPU_00028,entertainment,2147.51
BUD_NPU_00028_miscellaneous,NPU_00028,miscellaneous,1952.28
BUD_NPU_00029_rent,NPU_00029,rent,556.59
BUD_NPU_00029_groceries,NPU_00029,groceries,48840.4
BUD_NPU_00029_restaurants_cafes,NPU_00029,restaurants_cafes,32003.68
BUD_NPU_00029_transport_public,NPU_00029,transport_public,41743.93
BUD_NPU_00029_transport_ride_hailing,NPU_00029,transport_ride_hailing,19480.5
BUD_NPU_00029_fuel,NPU_00029,fuel,12523.18
BUD_NPU_00029_internet_mobile,NPU_00029,internet_mobile,4007.42
BUD_NPU_00029_utilities,NPU_00029,utilities,2782.93
BUD_NPU_00029_education,NPU_00029,education,1948.05
BUD_NPU_00029_health,NPU_00029,health,5009.27
BUD_NPU_00029_family_support,NPU_00029,family_support,1391.46
BUD_NPU_00029_loan_emi,NPU_00029,loan_emi,834.88
BUD_NPU_00029_festivals_gifts,NPU_00029,festivals_gifts,1948.05
BUD_NPU_00029_clothing,NPU_00029,clothing,7792.2
BUD_NPU_00029_travel,NPU_00029,travel,974.03
BUD_NPU_00029_subscriptions,NPU_00029,subscriptions,2226.34
BUD_NPU_00029_savings_investment,NPU_00029,savings_investment,1113.17
BUD_NPU_00029_entertainment,NPU_00029,entertainment,15306.11
BUD_NPU_00029_miscellaneous,NPU_00029,miscellaneous,13914.64
BUD_NPU_00030_rent,NPU_00030,rent,137.58
BUD_NPU_00030_groceries,NPU_00030,groceries,12072.89
BUD_NPU_00030_restaurants_cafes,NPU_00030,restaurants_cafes,7911.01
BUD_NPU_00030_transport_public,NPU_00030,transport_public,10318.71
BUD_NPU_00030_transport_ride_hailing,NPU_00030,transport_ride_hailing,4815.4
BUD_NPU_00030_fuel,NPU_00030,fuel,3095.61
BUD_NPU_00030_internet_mobile,NPU_00030,internet_mobile,990.6
BUD_NPU_00030_utilities,NPU_00030,utilities,687.91
BUD_NPU_00030_education,NPU_00030,education,481.54
BUD_NPU_00030_health,NPU_00030,health,1238.25
BUD_NPU_00030_family_support,NPU_00030,family_support,343.96
BUD_NPU_00030_loan_emi,NPU_00030,loan_emi,206.37
BUD_NPU_00030_festivals_gifts,NPU_00030,festivals_gifts,481.54
BUD_NPU_00030_clothing,NPU_00030,clothing,1926.16
BUD_NPU_00030_travel,NPU_00030,travel,240.77
BUD_NPU_00030_subscriptions,NPU_00030,subscriptions,550.33
BUD_NPU_00030_savings_investment,NPU_00030,savings_investment,275.17
BUD_NPU_00030_entertainment,NPU_00030,entertainment,3783.53
BUD_NPU_00030_miscellaneous,NPU_00030,miscellaneous,3439.57
BUD_NPU_00031_rent,NPU_00031,rent,362.9
BUD_NPU_00031_groceries,NPU_00031,groceries,24495.6
BUD_NPU_00031_restaurants_cafes,NPU_00031,restaurants_cafes,50079.9
BUD_NPU_00031_transport_public,NPU_00031,transport_public,22681.12
BUD_NPU_00031_transport_ride_hailing,NPU_00031,transport_ride_hailing,12701.42
BUD_NPU_00031_fuel,NPU_00031,fuel,8165.2
BUD_NPU_00031_internet_mobile,NPU_00031,internet_mobile,2177.39
BUD_NPU_00031_utilities,NPU_00031,utilities,1814.49
BUD_NPU_00031_education,NPU_00031,education,1270.14
BUD_NPU_00031_health,NPU_00031,health,3266.08
BUD_NPU_00031_family_support,NPU_00031,family_support,907.24
BUD_NPU_00031_loan_emi,NPU_00031,loan_emi,544.35
BUD_NPU_00031_festivals_gifts,NPU_00031,festivals_gifts,1270.14
BUD_NPU_00031_clothing,NPU_00031,clothing,5080.57
BUD_NPU_00031_travel,NPU_00031,travel,952.61
BUD_NPU_00031_subscriptions,NPU_00031,subscriptions,1451.59
BUD_NPU_00031_savings_investment,NPU_00031,savings_investment,725.8
BUD_NPU_00031_entertainment,NPU_00031,entertainment,18961.41
BUD_NPU_00031_miscellaneous,NPU_00031,miscellaneous,9072.45
BUD_NPU_00032_rent,NPU_00032,rent,190.69
BUD_NPU_00032_groceries,NPU_00032,groceries,12871.32
BUD_NPU_00032_restaurants_cafes,NPU_00032,restaurants_cafes,10964.45
BUD_NPU_00032_transport_public,NPU_00032,transport_public,11917.89
BUD_NPU_00032_transport_ride_hailing,NPU_00032,transport_ride_hailing,6674.02
BUD_NPU_00032_fuel,NPU_00032,fuel,4290.44
BUD_NPU_00032_internet_mobile,NPU_00032,internet_mobile,1144.12
BUD_NPU_00032_utilities,NPU_00032,utilities,953.43
BUD_NPU_00032_education,NPU_00032,education,667.4
BUD_NPU_00032_health,NPU_00032,health,1716.18
BUD_NPU_00032_family_support,NPU_00032,family_support,476.72
BUD_NPU_00032_loan_emi,NPU_00032,loan_emi,286.03
BUD_NPU_00032_festivals_gifts,NPU_00032,festivals_gifts,1668.5
BUD_NPU_00032_clothing,NPU_00032,clothing,4538.33
BUD_NPU_00032_travel,NPU_00032,travel,467.18
BUD_NPU_00032_subscriptions,NPU_00032,subscriptions,762.74
BUD_NPU_00032_savings_investment,NPU_00032,savings_investment,381.37
BUD_NPU_00032_entertainment,NPU_00032,entertainment,5243.87
BUD_NPU_00032_miscellaneous,NPU_00032,miscellaneous,4767.15
BUD_NPU_00033_rent,NPU_00033,rent,452.13
BUD_NPU_00033_groceries,NPU_00033,groceries,13872.21
BUD_NPU_00033_restaurants_cafes,NPU_00033,restaurants_cafes,11817.06
BUD_NPU_00033_transport_public,NPU_00033,transport_public,16698.02
BUD_NPU_00033_transport_ride_hailing,NPU_00033,transport_ride_hailing,7193.0
BUD_NPU_00033_fuel,NPU_00033,fuel,4624.07
BUD_NPU_00033_internet_mobile,NPU_00033,internet_mobile,1233.08
BUD_NPU_00033_utilities,NPU_00033,utilities,1438.6
BUD_NPU_00033_education,NPU_00033,education,719.3
BUD_NPU_00033_health,NPU_00033,health,1849.63
BUD_NPU_00033_family_support,NPU_00033,family_support,513.79
BUD_NPU_00033_loan_emi,NPU_00033,loan_emi,308.27
BUD_NPU_00033_festivals_gifts,NPU_00033,festivals_gifts,719.3
BUD_NPU_00033_clothing,NPU_00033,clothing,2877.2
BUD_NPU_00033_travel,NPU_00033,travel,359.65
BUD_NPU_00033_subscriptions,NPU_00033,subscriptions,822.06
BUD_NPU_00033_savings_investment,NPU_00033,savings_investment,411.03
BUD_NPU_00033_entertainment,NPU_00033,entertainment,5651.64
BUD_NPU_00033_miscellaneous,NPU_00033,miscellaneous,5137.85
BUD_NPU_00034_rent,NPU_00034,rent,370.5
BUD_NPU_00034_groceries,NPU_00034,groceries,25008.97
BUD_NPU_00034_restaurants_cafes,NPU_00034,restaurants_cafes,51129.45
BUD_NPU_00034_transport_public,NPU_00034,transport_public,23156.45
BUD_NPU_00034_transport_ride_hailing,NPU_00034,transport_ride_hailing,12967.61
BUD_NPU_00034_fuel,NPU_00034,fuel,8336.32
BUD_NPU_00034_internet_mobile,NPU_00034,internet_mobile,2223.02
BUD_NPU_00034_utilities,NPU_00034,utilities,1852.52
BUD_NPU_00034_education,NPU_00034,education,1296.76
BUD_NPU_00034_health,NPU_00034,health,3334.53
BUD_NPU_00034_family_support,NPU_00034,family_support,926.26
BUD_NPU_00034_loan_emi,NPU_00034,loan_emi,555.75
BUD_NPU_00034_festivals_gifts,NPU_00034,festivals_gifts,1296.76
BUD_NPU_00034_clothing,NPU_00034,clothing,5187.05
BUD_NPU_00034_travel,NPU_00034,travel,972.57
BUD_NPU_00034_subscriptions,NPU_00034,subscriptions,1482.01
BUD_NPU_00034_savings_investment,NPU_00034,savings_investment,741.01
BUD_NPU_00034_entertainment,NPU_00034,entertainment,19358.79
BUD_NPU_00034_miscellaneous,NPU_00034,miscellaneous,9262.58
BUD_NPU_00035_rent,NPU_00035,rent,120.48
BUD_NPU_00035_groceries,NPU_00035,groceries,10572.32
BUD_NPU_00035_restaurants_cafes,NPU_00035,restaurants_cafes,6927.73
BUD_NPU_00035_transport_public,NPU_00035,transport_public,9036.17
BUD_NPU_00035_transport_ride_hailing,NPU_00035,transport_ride_hailing,4216.88
BUD_NPU_00035_fuel,NPU_00035,fuel,2710.85
BUD_NPU_00035_internet_mobile,NPU_00035,internet_mobile,867.47
BUD_NPU_00035_utilities,NPU_00035,utilities,602.41
BUD_NPU_00035_education,NPU_00035,education,421.69
BUD_NPU_00035_health,NPU_00035,health,1084.34
BUD_NPU_00035_family_support,NPU_00035,family_support,301.21
BUD_NPU_00035_loan_emi,NPU_00035,loan_emi,180.72
BUD_NPU_00035_festivals_gifts,NPU_00035,festivals_gifts,421.69
BUD_NPU_00035_clothing,NPU_00035,clothing,1686.75
BUD_NPU_00035_travel,NPU_00035,travel,210.84
BUD_NPU_00035_subscriptions,NPU_00035,subscriptions,481.93
BUD_NPU_00035_savings_investment,NPU_00035,savings_investment,240.96
BUD_NPU_00035_entertainment,NPU_00035,entertainment,3313.26
BUD_NPU_00035_miscellaneous,NPU_00035,miscellaneous,3012.06
BUD_NPU_00036_rent,NPU_00036,rent,108.91
BUD_NPU_00036_groceries,NPU_00036,groceries,9556.69
BUD_NPU_00036_restaurants_cafes,NPU_00036,restaurants_cafes,6262.22
BUD_NPU_00036_transport_public,NPU_00036,transport_public,8168.11
BUD_NPU_00036_transport_ride_hailing,NPU_00036,transport_ride_hailing,3811.79
BUD_NPU_00036_fuel,NPU_00036,fuel,2450.43
BUD_NPU_00036_internet_mobile,NPU_00036,internet_mobile,784.14
BUD_NPU_00036_utilities,NPU_00036,utilities,544.54
BUD_NPU_00036_education,NPU_00036,education,381.18
BUD_NPU_00036_health,NPU_00036,health,980.17
BUD_NPU_00036_family_support,NPU_00036,family_support,272.27
BUD_NPU_00036_loan_emi,NPU_00036,loan_emi,163.36
BUD_NPU_00036_festivals_gifts,NPU_00036,festivals_gifts,381.18
BUD_NPU_00036_clothing,NPU_00036,clothing,1524.71
BUD_NPU_00036_travel,NPU_00036,travel,190.59
BUD_NPU_00036_subscriptions,NPU_00036,subscriptions,435.63
BUD_NPU_00036_savings_investment,NPU_00036,savings_investment,217.82
BUD_NPU_00036_entertainment,NPU_00036,entertainment,2994.97
BUD_NPU_00036_miscellaneous,NPU_00036,miscellaneous,2722.7
BUD_NPU_00037_rent,NPU_00037,rent,251.87
BUD_NPU_00037_groceries,NPU_00037,groceries,20401.7
BUD_NPU_00037_restaurants_cafes,NPU_00037,restaurants_cafes,14482.69
BUD_NPU_00037_transport_public,NPU_00037,transport_public,15742.05
BUD_NPU_00037_transport_ride_hailing,NPU_00037,transport_ride_hailing,8815.55
BUD_NPU_00037_fuel,NPU_00037,fuel,5667.14
BUD_NPU_00037_internet_mobile,NPU_00037,internet_mobile,1511.24
BUD_NPU_00037_utilities,NPU_00037,utilities,1259.36
BUD_NPU_00037_education,NPU_00037,education,881.55
BUD_NPU_00037_health,NPU_00037,health,2266.86
BUD_NPU_00037_family_support,NPU_00037,family_support,629.68
BUD_NPU_00037_loan_emi,NPU_00037,loan_emi,1057.87
BUD_NPU_00037_festivals_gifts,NPU_00037,festivals_gifts,881.55
BUD_NPU_00037_clothing,NPU_00037,clothing,3526.22
BUD_NPU_00037_travel,NPU_00037,travel,440.78
BUD_NPU_00037_subscriptions,NPU_00037,subscriptions,1007.49
BUD_NPU_00037_savings_investment,NPU_00037,savings_investment,503.75
BUD_NPU_00037_entertainment,NPU_00037,entertainment,6926.5
BUD_NPU_00037_miscellaneous,NPU_00037,miscellaneous,6296.82
BUD_NPU_00038_rent,NPU_00038,rent,357.79
BUD_NPU_00038_groceries,NPU_00038,groceries,24150.78
BUD_NPU_00038_restaurants_cafes,NPU_00038,restaurants_cafes,28802.04
BUD_NPU_00038_transport_public,NPU_00038,transport_public,22361.83
BUD_NPU_00038_transport_ride_hailing,NPU_00038,transport_ride_hailing,12522.62
BUD_NPU_00038_fuel,NPU_00038,fuel,15295.49
BUD_NPU_00038_internet_mobile,NPU_00038,internet_mobile,2146.74
BUD_NPU_00038_utilities,NPU_00038,utilities,1788.95
BUD_NPU_00038_education,NPU_00038,education,1252.26
BUD_NPU_00038_health,NPU_00038,health,3220.1
BUD_NPU_00038_family_support,NPU_00038,family_support,894.47
BUD_NPU_00038_loan_emi,NPU_00038,loan_emi,536.68
BUD_NPU_00038_festivals_gifts,NPU_00038,festivals_gifts,1252.26
BUD_NPU_00038_clothing,NPU_00038,clothing,5009.05
BUD_NPU_00038_travel,NPU_00038,travel,626.13
BUD_NPU_00038_subscriptions,NPU_00038,subscriptions,1431.16
BUD_NPU_00038_savings_investment,NPU_00038,savings_investment,715.58
BUD_NPU_00038_entertainment,NPU_00038,entertainment,9839.2
BUD_NPU_00038_miscellaneous,NPU_00038,miscellaneous,13417.1
BUD_NPU_00039_rent,NPU_00039,rent,277.64
BUD_NPU_00039_groceries,NPU_00039,groceries,24363.0
BUD_NPU_00039_restaurants_cafes,NPU_00039,restaurants_cafes,15964.36
BUD_NPU_00039_transport_public,NPU_00039,transport_public,20823.08
BUD_NPU_00039_transport_ride_hailing,NPU_00039,transport_ride_hailing,9717.44
BUD_NPU_00039_fuel,NPU_00039,fuel,6246.92
BUD_NPU_00039_internet_mobile,NPU_00039,internet_mobile,1999.02
BUD_NPU_00039_utilities,NPU_00039,utilities,1388.21
BUD_NPU_00039_education,NPU_00039,education,971.74
BUD_NPU_00039_health,NPU_00039,health,2498.77
BUD_NPU_00039_family_support,NPU_00039,family_support,694.1
BUD_NPU_00039_loan_emi,NPU_00039,loan_emi,416.46
BUD_NPU_00039_festivals_gifts,NPU_00039,festivals_gifts,971.74
BUD_NPU_00039_clothing,NPU_00039,clothing,3886.97
BUD_NPU_00039_travel,NPU_00039,travel,485.87
BUD_NPU_00039_subscriptions,NPU_00039,subscriptions,1110.56
BUD_NPU_00039_savings_investment,NPU_00039,savings_investment,555.28
BUD_NPU_00039_entertainment,NPU_00039,entertainment,7635.13
BUD_NPU_00039_miscellaneous,NPU_00039,miscellaneous,6941.03
BUD_NPU_00040_rent,NPU_00040,rent,182.54
BUD_NPU_00040_groceries,NPU_00040,groceries,12321.76
BUD_NPU_00040_restaurants_cafes,NPU_00040,restaurants_cafes,10496.32
BUD_NPU_00040_transport_public,NPU_00040,transport_public,11409.04
BUD_NPU_00040_transport_ride_hailing,NPU_00040,transport_ride_hailing,6389.06
BUD_NPU_00040_fuel,NPU_00040,fuel,4107.25
BUD_NPU_00040_internet_mobile,NPU_00040,internet_mobile,1095.27
BUD_NPU_00040_utilities,NPU_00040,utilities,912.72
BUD_NPU_00040_education,NPU_00040,education,638.91
BUD_NPU_00040_health,NPU_00040,health,1642.9
BUD_NPU_00040_family_support,NPU_00040,family_support,456.36
BUD_NPU_00040_loan_emi,NPU_00040,loan_emi,273.82
BUD_NPU_00040_festivals_gifts,NPU_00040,festivals_gifts,1597.27
BUD_NPU_00040_clothing,NPU_00040,clothing,4344.56
BUD_NPU_00040_travel,NPU_00040,travel,447.23
BUD_NPU_00040_subscriptions,NPU_00040,subscriptions,730.18
BUD_NPU_00040_savings_investment,NPU_00040,savings_investment,365.09
BUD_NPU_00040_entertainment,NPU_00040,entertainment,5019.98
BUD_NPU_00040_miscellaneous,NPU_00040,miscellaneous,4563.62
BUD_NPU_00041_rent,NPU_00041,rent,161.36
BUD_NPU_00041_groceries,NPU_00041,groceries,10891.79
BUD_NPU_00041_restaurants_cafes,NPU_00041,restaurants_cafes,9278.19
BUD_NPU_00041_transport_public,NPU_00041,transport_public,10084.99
BUD_NPU_00041_transport_ride_hailing,NPU_00041,transport_ride_hailing,5647.59
BUD_NPU_00041_fuel,NPU_00041,fuel,3630.6
BUD_NPU_00041_internet_mobile,NPU_00041,internet_mobile,968.16
BUD_NPU_00041_utilities,NPU_00041,utilities,806.8
BUD_NPU_00041_education,NPU_00041,education,564.76
BUD_NPU_00041_health,NPU_00041,health,1452.24
BUD_NPU_00041_family_support,NPU_00041,family_support,403.4
BUD_NPU_00041_loan_emi,NPU_00041,loan_emi,242.04
BUD_NPU_00041_festivals_gifts,NPU_00041,festivals_gifts,1411.9
BUD_NPU_00041_clothing,NPU_00041,clothing,3840.36
BUD_NPU_00041_travel,NPU_00041,travel,395.33
BUD_NPU_00041_subscriptions,NPU_00041,subscriptions,645.44
BUD_NPU_00041_savings_investment,NPU_00041,savings_investment,322.72
BUD_NPU_00041_entertainment,NPU_00041,entertainment,4437.4
BUD_NPU_00041_miscellaneous,NPU_00041,miscellaneous,4034.0
BUD_NPU_00042_rent,NPU_00042,rent,64.06
BUD_NPU_00042_groceries,NPU_00042,groceries,4323.8
BUD_NPU_00042_restaurants_cafes,NPU_00042,restaurants_cafes,4419.89
BUD_NPU_00042_transport_public,NPU_00042,transport_public,8007.04
BUD_NPU_00042_transport_ride_hailing,NPU_00042,transport_ride_hailing,2241.97
BUD_NPU_00042_fuel,NPU_00042,fuel,1441.27
BUD_NPU_00042_internet_mobile,NPU_00042,internet_mobile,499.64
BUD_NPU_00042_utilities,NPU_00042,utilities,320.28
BUD_NPU_00042_education,NPU_00042,education,403.56
BUD_NPU_00042_health,NPU_00042,health,576.51
BUD_NPU_00042_family_support,NPU_00042,family_support,160.14
BUD_NPU_00042_loan_emi,NPU_00042,loan_emi,96.08
BUD_NPU_00042_festivals_gifts,NPU_00042,festivals_gifts,224.2
BUD_NPU_00042_clothing,NPU_00042,clothing,896.79
BUD_NPU_00042_travel,NPU_00042,travel,112.1
BUD_NPU_00042_subscriptions,NPU_00042,subscriptions,256.23
BUD_NPU_00042_savings_investment,NPU_00042,savings_investment,128.11
BUD_NPU_00042_entertainment,NPU_00042,entertainment,1761.55
BUD_NPU_00042_miscellaneous,NPU_00042,miscellaneous,1601.41
BUD_NPU_00043_rent,NPU_00043,rent,95.78
BUD_NPU_00043_groceries,NPU_00043,groceries,6465.0
BUD_NPU_00043_restaurants_cafes,NPU_00043,restaurants_cafes,5507.22
BUD_NPU_00043_transport_public,NPU_00043,transport_public,5986.11
BUD_NPU_00043_transport_ride_hailing,NPU_00043,transport_ride_hailing,3352.22
BUD_NPU_00043_fuel,NPU_00043,fuel,2155.0
BUD_NPU_00043_internet_mobile,NPU_00043,internet_mobile,574.67
BUD_NPU_00043_utilities,NPU_00043,utilities,478.89
BUD_NPU_00043_education,NPU_00043,education,335.22
BUD_NPU_00043_health,NPU_00043,health,862.0
BUD_NPU_00043_family_support,NPU_00043,family_support,239.44
BUD_NPU_00043_loan_emi,NPU_00043,loan_emi,143.67
BUD_NPU_00043_festivals_gifts,NPU_00043,festivals_gifts,838.06
BUD_NPU_00043_clothing,NPU_00043,clothing,2279.51
BUD_NPU_00043_travel,NPU_00043,travel,234.66
BUD_NPU_00043_subscriptions,NPU_00043,subscriptions,383.11
BUD_NPU_00043_savings_investment,NPU_00043,savings_investment,191.56
BUD_NPU_00043_entertainment,NPU_00043,entertainment,2633.89
BUD_NPU_00043_miscellaneous,NPU_00043,miscellaneous,2394.44
BUD_NPU_00044_rent,NPU_00044,rent,196.76
BUD_NPU_00044_groceries,NPU_00044,groceries,6037.11
BUD_NPU_00044_restaurants_cafes,NPU_00044,restaurants_cafes,5142.72
BUD_NPU_00044_transport_public,NPU_00044,transport_public,7266.89
BUD_NPU_00044_transport_ride_hailing,NPU_00044,transport_ride_hailing,3130.35
BUD_NPU_00044_fuel,NPU_00044,fuel,2012.37
BUD_NPU_00044_internet_mobile,NPU_00044,internet_mobile,536.63
BUD_NPU_00044_utilities,NPU_00044,utilities,626.07
BUD_NPU_00044_education,NPU_00044,education,313.04
BUD_NPU_00044_health,NPU_00044,health,804.95
BUD_NPU_00044_family_support,NPU_00044,family_support,223.6
BUD_NPU_00044_loan_emi,NPU_00044,loan_emi,134.16
BUD_NPU_00044_festivals_gifts,NPU_00044,festivals_gifts,313.04
BUD_NPU_00044_clothing,NPU_00044,clothing,1252.14
BUD_NPU_00044_travel,NPU_00044,travel,156.52
BUD_NPU_00044_subscriptions,NPU_00044,subscriptions,357.75
BUD_NPU_00044_savings_investment,NPU_00044,savings_investment,178.88
BUD_NPU_00044_entertainment,NPU_00044,entertainment,2459.56
BUD_NPU_00044_miscellaneous,NPU_00044,miscellaneous,2235.97
BUD_NPU_00045_rent,NPU_00045,rent,201.8
BUD_NPU_00045_groceries,NPU_00045,groceries,6191.66
BUD_NPU_00045_restaurants_cafes,NPU_00045,restaurants_cafes,5274.38
BUD_NPU_00045_transport_public,NPU_00045,transport_public,7452.93
BUD_NPU_00045_transport_ride_hailing,NPU_00045,transport_ride_hailing,3210.49
BUD_NPU_00045_fuel,NPU_00045,fuel,2063.89
BUD_NPU_00045_internet_mobile,NPU_00045,internet_mobile,550.37
BUD_NPU_00045_utilities,NPU_00045,utilities,642.1
BUD_NPU_00045_education,NPU_00045,education,321.05
BUD_NPU_00045_health,NPU_00045,health,825.56
BUD_NPU_00045_family_support,NPU_00045,family_support,229.32
BUD_NPU_00045_loan_emi,NPU_00045,loan_emi,137.59
BUD_NPU_00045_festivals_gifts,NPU_00045,festivals_gifts,321.05
BUD_NPU_00045_clothing,NPU_00045,clothing,1284.2
BUD_NPU_00045_travel,NPU_00045,travel,160.52
BUD_NPU_00045_subscriptions,NPU_00045,subscriptions,366.91
BUD_NPU_00045_savings_investment,NPU_00045,savings_investment,183.46
BUD_NPU_00045_entertainment,NPU_00045,entertainment,2522.53
BUD_NPU_00045_miscellaneous,NPU_00045,miscellaneous,2293.21
BUD_NPU_00046_rent,NPU_00046,rent,778.21
BUD_NPU_00046_groceries,NPU_00046,groceries,23876.81
BUD_NPU_00046_restaurants_cafes,NPU_00046,restaurants_cafes,20339.51
BUD_NPU_00046_transport_public,NPU_00046,transport_public,28740.61
BUD_NPU_00046_transport_ride_hailing,NPU_00046,transport_ride_hailing,12380.57
BUD_NPU_00046_fuel,NPU_00046,fuel,7958.94
BUD_NPU_00046_internet_mobile,NPU_00046,internet_mobile,2122.38
BUD_NPU_00046_utilities,NPU_00046,utilities,2476.11
BUD_NPU_00046_education,NPU_00046,education,1238.06
BUD_NPU_00046_health,NPU_00046,health,3183.58
BUD_NPU_00046_family_support,NPU_00046,family_support,884.33
BUD_NPU_00046_loan_emi,NPU_00046,loan_emi,530.6
BUD_NPU_00046_festivals_gifts,NPU_00046,festivals_gifts,1238.06
BUD_NPU_00046_clothing,NPU_00046,clothing,4952.23
BUD_NPU_00046_travel,NPU_00046,travel,619.03
BUD_NPU_00046_subscriptions,NPU_00046,subscriptions,1414.92
BUD_NPU_00046_savings_investment,NPU_00046,savings_investment,707.46
BUD_NPU_00046_entertainment,NPU_00046,entertainment,9727.59
BUD_NPU_00046_miscellaneous,NPU_00046,miscellaneous,8843.26
BUD_NPU_00047_rent,NPU_00047,rent,106.58
BUD_NPU_00047_groceries,NPU_00047,groceries,7194.39
BUD_NPU_00047_restaurants_cafes,NPU_00047,restaurants_cafes,14708.53
BUD_NPU_00047_transport_public,NPU_00047,transport_public,6661.47
BUD_NPU_00047_transport_ride_hailing,NPU_00047,transport_ride_hailing,3730.42
BUD_NPU_00047_fuel,NPU_00047,fuel,2398.13
BUD_NPU_00047_internet_mobile,NPU_00047,internet_mobile,639.5
BUD_NPU_00047_utilities,NPU_00047,utilities,532.92
BUD_NPU_00047_education,NPU_00047,education,373.04
BUD_NPU_00047_health,NPU_00047,health,959.25
BUD_NPU_00047_family_support,NPU_00047,family_support,266.46
BUD_NPU_00047_loan_emi,NPU_00047,loan_emi,159.88
BUD_NPU_00047_festivals_gifts,NPU_00047,festivals_gifts,373.04
BUD_NPU_00047_clothing,NPU_00047,clothing,1492.17
BUD_NPU_00047_travel,NPU_00047,travel,279.78
BUD_NPU_00047_subscriptions,NPU_00047,subscriptions,426.33
BUD_NPU_00047_savings_investment,NPU_00047,savings_investment,213.17
BUD_NPU_00047_entertainment,NPU_00047,entertainment,5568.99
BUD_NPU_00047_miscellaneous,NPU_00047,miscellaneous,2664.59
BUD_NPU_00048_rent,NPU_00048,rent,275.73
BUD_NPU_00048_groceries,NPU_00048,groceries,24195.02
BUD_NPU_00048_restaurants_cafes,NPU_00048,restaurants_cafes,15854.29
BUD_NPU_00048_transport_public,NPU_00048,transport_public,20679.5
BUD_NPU_00048_transport_ride_hailing,NPU_00048,transport_ride_hailing,9650.44
BUD_NPU_00048_fuel,NPU_00048,fuel,6203.85
BUD_NPU_00048_internet_mobile,NPU_00048,internet_mobile,1985.23
BUD_NPU_00048_utilities,NPU_00048,utilities,1378.63
BUD_NPU_00048_education,NPU_00048,education,965.04
BUD_NPU_00048_health,NPU_00048,health,2481.54
BUD_NPU_00048_family_support,NPU_00048,family_support,689.32
BUD_NPU_00048_loan_emi,NPU_00048,loan_emi,413.59
BUD_NPU_00048_festivals_gifts,NPU_00048,festivals_gifts,965.04
BUD_NPU_00048_clothing,NPU_00048,clothing,3860.17
BUD_NPU_00048_travel,NPU_00048,travel,482.52
BUD_NPU_00048_subscriptions,NPU_00048,subscriptions,1102.91
BUD_NPU_00048_savings_investment,NPU_00048,savings_investment,551.45
BUD_NPU_00048_entertainment,NPU_00048,entertainment,7582.48
BUD_NPU_00048_miscellaneous,NPU_00048,miscellaneous,6893.17
BUD_NPU_00049_rent,NPU_00049,rent,189.73
BUD_NPU_00049_groceries,NPU_00049,groceries,16648.54
BUD_NPU_00049_restaurants_cafes,NPU_00049,restaurants_cafes,10909.3
BUD_NPU_00049_transport_public,NPU_00049,transport_public,14229.52
BUD_NPU_00049_transport_ride_hailing,NPU_00049,transport_ride_hailing,6640.44
BUD_NPU_00049_fuel,NPU_00049,fuel,4268.86
BUD_NPU_00049_internet_mobile,NPU_00049,internet_mobile,1366.03
BUD_NPU_00049_utilities,NPU_00049,utilities,948.63
BUD_NPU_00049_education,NPU_00049,education,664.04
BUD_NPU_00049_health,NPU_00049,health,1707.54
BUD_NPU_00049_family_support,NPU_00049,family_support,474.32
BUD_NPU_00049_loan_emi,NPU_00049,loan_emi,284.59
BUD_NPU_00049_festivals_gifts,NPU_00049,festivals_gifts,664.04
BUD_NPU_00049_clothing,NPU_00049,clothing,2656.18
BUD_NPU_00049_travel,NPU_00049,travel,332.02
BUD_NPU_00049_subscriptions,NPU_00049,subscriptions,758.91
BUD_NPU_00049_savings_investment,NPU_00049,savings_investment,379.45
BUD_NPU_00049_entertainment,NPU_00049,entertainment,5217.49
BUD_NPU_00049_miscellaneous,NPU_00049,miscellaneous,4743.17
BUD_NPU_00050_rent,NPU_00050,rent,249.67
BUD_NPU_00050_groceries,NPU_00050,groceries,16852.69
BUD_NPU_00050_restaurants_cafes,NPU_00050,restaurants_cafes,17227.19
BUD_NPU_00050_transport_public,NPU_00050,transport_public,15604.34
BUD_NPU_00050_transport_ride_hailing,NPU_00050,transport_ride_hailing,8738.43
BUD_NPU_00050_fuel,NPU_00050,fuel,5617.56
BUD_NPU_00050_internet_mobile,NPU_00050,internet_mobile,2247.03
BUD_NPU_00050_utilities,NPU_00050,utilities,1248.35
BUD_NPU_00050_education,NPU_00050,education,873.84
BUD_NPU_00050_health,NPU_00050,health,2247.03
BUD_NPU_00050_family_support,NPU_00050,family_support,624.17
BUD_NPU_00050_loan_emi,NPU_00050,loan_emi,374.5
BUD_NPU_00050_festivals_gifts,NPU_00050,festivals_gifts,873.84
BUD_NPU_00050_clothing,NPU_00050,clothing,3495.37
BUD_NPU_00050_travel,NPU_00050,travel,436.92
BUD_NPU_00050_subscriptions,NPU_00050,subscriptions,1597.88
BUD_NPU_00050_savings_investment,NPU_00050,savings_investment,499.34
BUD_NPU_00050_entertainment,NPU_00050,entertainment,6865.91
BUD_NPU_00050_miscellaneous,NPU_00050,miscellaneous,6241.74
BUD_NPU_00051_rent,NPU_00051,rent,366.21
BUD_NPU_00051_groceries,NPU_00051,groceries,11235.93
BUD_NPU_00051_restaurants_cafes,NPU_00051,restaurants_cafes,9571.35
BUD_NPU_00051_transport_public,NPU_00051,transport_public,13524.74
BUD_NPU_00051_transport_ride_hailing,NPU_00051,transport_ride_hailing,5826.04
BUD_NPU_00051_fuel,NPU_00051,fuel,3745.31
BUD_NPU_00051_internet_mobile,NPU_00051,internet_mobile,998.75
BUD_NPU_00051_utilities,NPU_00051,utilities,1165.21
BUD_NPU_00051_education,NPU_00051,education,582.6
BUD_NPU_00051_health,NPU_00051,health,1498.12
BUD_NPU_00051_family_support,NPU_00051,family_support,416.15
BUD_NPU_00051_loan_emi,NPU_00051,loan_emi,249.69
BUD_NPU_00051_festivals_gifts,NPU_00051,festivals_gifts,582.6
BUD_NPU_00051_clothing,NPU_00051,clothing,2330.42
BUD_NPU_00051_travel,NPU_00051,travel,291.3
BUD_NPU_00051_subscriptions,NPU_00051,subscriptions,665.83
BUD_NPU_00051_savings_investment,NPU_00051,savings_investment,332.92
BUD_NPU_00051_entertainment,NPU_00051,entertainment,4577.6
BUD_NPU_00051_miscellaneous,NPU_00051,miscellaneous,4161.46
BUD_NPU_00052_rent,NPU_00052,rent,153.07
BUD_NPU_00052_groceries,NPU_00052,groceries,10332.39
BUD_NPU_00052_restaurants_cafes,NPU_00052,restaurants_cafes,10562.0
BUD_NPU_00052_transport_public,NPU_00052,transport_public,9567.03
BUD_NPU_00052_transport_ride_hailing,NPU_00052,transport_ride_hailing,5357.54
BUD_NPU_00052_fuel,NPU_00052,fuel,3444.13
BUD_NPU_00052_internet_mobile,NPU_00052,internet_mobile,1377.65
BUD_NPU_00052_utilities,NPU_00052,utilities,765.36
BUD_NPU_00052_education,NPU_00052,education,535.75
BUD_NPU_00052_health,NPU_00052,health,1377.65
BUD_NPU_00052_family_support,NPU_00052,family_support,382.68
BUD_NPU_00052_loan_emi,NPU_00052,loan_emi,229.61
BUD_NPU_00052_festivals_gifts,NPU_00052,festivals_gifts,535.75
BUD_NPU_00052_clothing,NPU_00052,clothing,2143.02
BUD_NPU_00052_travel,NPU_00052,travel,267.88
BUD_NPU_00052_subscriptions,NPU_00052,subscriptions,979.66
BUD_NPU_00052_savings_investment,NPU_00052,savings_investment,306.15
BUD_NPU_00052_entertainment,NPU_00052,entertainment,4209.49
BUD_NPU_00052_miscellaneous,NPU_00052,miscellaneous,3826.81
BUD_NPU_00053_rent,NPU_00053,rent,58.95
BUD_NPU_00053_groceries,NPU_00053,groceries,3979.09
BUD_NPU_00053_restaurants_cafes,NPU_00053,restaurants_cafes,4067.51
BUD_NPU_00053_transport_public,NPU_00053,transport_public,7368.68
BUD_NPU_00053_transport_ride_hailing,NPU_00053,transport_ride_hailing,2063.23
BUD_NPU_00053_fuel,NPU_00053,fuel,1326.36
BUD_NPU_00053_internet_mobile,NPU_00053,internet_mobile,459.81
BUD_NPU_00053_utilities,NPU_00053,utilities,294.75
BUD_NPU_00053_education,NPU_00053,education,371.38
BUD_NPU_00053_health,NPU_00053,health,530.54
BUD_NPU_00053_family_support,NPU_00053,family_support,147.37
BUD_NPU_00053_loan_emi,NPU_00053,loan_emi,88.42
BUD_NPU_00053_festivals_gifts,NPU_00053,festivals_gifts,206.32
BUD_NPU_00053_clothing,NPU_00053,clothing,825.29
BUD_NPU_00053_travel,NPU_00053,travel,103.16
BUD_NPU_00053_subscriptions,NPU_00053,subscriptions,235.8
BUD_NPU_00053_savings_investment,NPU_00053,savings_investment,117.9
BUD_NPU_00053_entertainment,NPU_00053,entertainment,1621.11
BUD_NPU_00053_miscellaneous,NPU_00053,miscellaneous,1473.74
BUD_NPU_00054_rent,NPU_00054,rent,179.63
BUD_NPU_00054_groceries,NPU_00054,groceries,12125.1
BUD_NPU_00054_restaurants_cafes,NPU_00054,restaurants_cafes,10328.79
BUD_NPU_00054_transport_public,NPU_00054,transport_public,11226.94
BUD_NPU_00054_transport_ride_hailing,NPU_00054,transport_ride_hailing,6287.09
BUD_NPU_00054_fuel,NPU_00054,fuel,4041.7
BUD_NPU_00054_internet_mobile,NPU_00054,internet_mobile,1077.79
BUD_NPU_00054_utilities,NPU_00054,utilities,898.16
BUD_NPU_00054_education,NPU_00054,education,628.71
BUD_NPU_00054_health,NPU_00054,health,1616.68
BUD_NPU_00054_family_support,NPU_00054,family_support,449.08
BUD_NPU_00054_loan_emi,NPU_00054,loan_emi,269.45
BUD_NPU_00054_festivals_gifts,NPU_00054,festivals_gifts,1571.77
BUD_NPU_00054_clothing,NPU_00054,clothing,4275.22
BUD_NPU_00054_travel,NPU_00054,travel,440.1
BUD_NPU_00054_subscriptions,NPU_00054,subscriptions,718.52
BUD_NPU_00054_savings_investment,NPU_00054,savings_investment,359.26
BUD_NPU_00054_entertainment,NPU_00054,entertainment,4939.85
BUD_NPU_00054_miscellaneous,NPU_00054,miscellaneous,4490.78
BUD_NPU_00055_rent,NPU_00055,rent,224.28
BUD_NPU_00055_groceries,NPU_00055,groceries,15138.99
BUD_NPU_00055_restaurants_cafes,NPU_00055,restaurants_cafes,30950.82
BUD_NPU_00055_transport_public,NPU_00055,transport_public,14017.58
BUD_NPU_00055_transport_ride_hailing,NPU_00055,transport_ride_hailing,7849.85
BUD_NPU_00055_fuel,NPU_00055,fuel,5046.33
BUD_NPU_00055_internet_mobile,NPU_00055,internet_mobile,1345.69
BUD_NPU_00055_utilities,NPU_00055,utilities,1121.41
BUD_NPU_00055_education,NPU_00055,education,784.98
BUD_NPU_00055_health,NPU_00055,health,2018.53
BUD_NPU_00055_family_support,NPU_00055,family_support,560.7
BUD_NPU_00055_loan_emi,NPU_00055,loan_emi,336.42
BUD_NPU_00055_festivals_gifts,NPU_00055,festivals_gifts,784.98
BUD_NPU_00055_clothing,NPU_00055,clothing,3139.94
BUD_NPU_00055_travel,NPU_00055,travel,588.74
BUD_NPU_00055_subscriptions,NPU_00055,subscriptions,897.13
BUD_NPU_00055_savings_investment,NPU_00055,savings_investment,448.56
BUD_NPU_00055_entertainment,NPU_00055,entertainment,11718.7
BUD_NPU_00055_miscellaneous,NPU_00055,miscellaneous,5607.03
BUD_NPU_00056_rent,NPU_00056,rent,359.04
BUD_NPU_00056_groceries,NPU_00056,groceries,24235.44
BUD_NPU_00056_restaurants_cafes,NPU_00056,restaurants_cafes,20645.01
BUD_NPU_00056_transport_public,NPU_00056,transport_public,22440.23
BUD_NPU_00056_transport_ride_hailing,NPU_00056,transport_ride_hailing,12566.53
BUD_NPU_00056_fuel,NPU_00056,fuel,8078.48
BUD_NPU_00056_internet_mobile,NPU_00056,internet_mobile,2154.26
BUD_NPU_00056_utilities,NPU_00056,utilities,1795.22
BUD_NPU_00056_education,NPU_00056,education,1759.31
BUD_NPU_00056_health,NPU_00056,health,3877.67
BUD_NPU_00056_family_support,NPU_00056,family_support,2513.31
BUD_NPU_00056_loan_emi,NPU_00056,loan_emi,538.57
BUD_NPU_00056_festivals_gifts,NPU_00056,festivals_gifts,1256.65
BUD_NPU_00056_clothing,NPU_00056,clothing,5026.61
BUD_NPU_00056_travel,NPU_00056,travel,628.33
BUD_NPU_00056_subscriptions,NPU_00056,subscriptions,1436.17
BUD_NPU_00056_savings_investment,NPU_00056,savings_investment,718.09
BUD_NPU_00056_entertainment,NPU_00056,entertainment,9873.7
BUD_NPU_00056_miscellaneous,NPU_00056,miscellaneous,8976.09
BUD_NPU_00057_rent,NPU_00057,rent,116.6
BUD_NPU_00057_groceries,NPU_00057,groceries,7870.43
BUD_NPU_00057_restaurants_cafes,NPU_00057,restaurants_cafes,6704.44
BUD_NPU_00057_transport_public,NPU_00057,transport_public,7287.44
BUD_NPU_00057_transport_ride_hailing,NPU_00057,transport_ride_hailing,4080.97
BUD_NPU_00057_fuel,NPU_00057,fuel,2623.48
BUD_NPU_00057_internet_mobile,NPU_00057,internet_mobile,699.59
BUD_NPU_00057_utilities,NPU_00057,utilities,583.0
BUD_NPU_00057_education,NPU_00057,education,571.34
BUD_NPU_00057_health,NPU_00057,health,1259.27
BUD_NPU_00057_family_support,NPU_00057,family_support,816.19
BUD_NPU_00057_loan_emi,NPU_00057,loan_emi,174.9
BUD_NPU_00057_festivals_gifts,NPU_00057,festivals_gifts,408.1
BUD_NPU_00057_clothing,NPU_00057,clothing,1632.39
BUD_NPU_00057_travel,NPU_00057,travel,204.05
BUD_NPU_00057_subscriptions,NPU_00057,subscriptions,466.4
BUD_NPU_00057_savings_investment,NPU_00057,savings_investment,233.2
BUD_NPU_00057_entertainment,NPU_00057,entertainment,3206.47
BUD_NPU_00057_miscellaneous,NPU_00057,miscellaneous,2914.98
BUD_NPU_00058_rent,NPU_00058,rent,718.81
BUD_NPU_00058_groceries,NPU_00058,groceries,48519.76
BUD_NPU_00058_restaurants_cafes,NPU_00058,restaurants_cafes,57864.3
BUD_NPU_00058_transport_public,NPU_00058,transport_public,44925.7
BUD_NPU_00058_transport_ride_hailing,NPU_00058,transport_ride_hailing,25158.39
BUD_NPU_00058_fuel,NPU_00058,fuel,30729.18
BUD_NPU_00058_internet_mobile,NPU_00058,internet_mobile,4312.87
BUD_NPU_00058_utilities,NPU_00058,utilities,3594.06
BUD_NPU_00058_education,NPU_00058,education,2515.84
BUD_NPU_00058_health,NPU_00058,health,6469.3
BUD_NPU_00058_family_support,NPU_00058,family_support,1797.03
BUD_NPU_00058_loan_emi,NPU_00058,loan_emi,1078.22
BUD_NPU_00058_festivals_gifts,NPU_00058,festivals_gifts,2515.84
BUD_NPU_00058_clothing,NPU_00058,clothing,10063.36
BUD_NPU_00058_travel,NPU_00058,travel,1257.92
BUD_NPU_00058_subscriptions,NPU_00058,subscriptions,2875.24
BUD_NPU_00058_savings_investment,NPU_00058,savings_investment,1437.62
BUD_NPU_00058_entertainment,NPU_00058,entertainment,19767.31
BUD_NPU_00058_miscellaneous,NPU_00058,miscellaneous,26955.42
BUD_NPU_00059_rent,NPU_00059,rent,557.61
BUD_NPU_00059_groceries,NPU_00059,groceries,48930.12
BUD_NPU_00059_restaurants_cafes,NPU_00059,restaurants_cafes,32062.47
BUD_NPU_00059_transport_public,NPU_00059,transport_public,41820.62
BUD_NPU_00059_transport_ride_hailing,NPU_00059,transport_ride_hailing,19516.29
BUD_NPU_00059_fuel,NPU_00059,fuel,12546.19
BUD_NPU_00059_internet_mobile,NPU_00059,internet_mobile,4014.78
BUD_NPU_00059_utilities,NPU_00059,utilities,2788.04
BUD_NPU_00059_education,NPU_00059,education,1951.63
BUD_NPU_00059_health,NPU_00059,health,5018.47
BUD_NPU_00059_family_support,NPU_00059,family_support,1394.02
BUD_NPU_00059_loan_emi,NPU_00059,loan_emi,836.41
BUD_NPU_00059_festivals_gifts,NPU_00059,festivals_gifts,1951.63
BUD_NPU_00059_clothing,NPU_00059,clothing,7806.52
BUD_NPU_00059_travel,NPU_00059,travel,975.81
BUD_NPU_00059_subscriptions,NPU_00059,subscriptions,2230.43
BUD_NPU_00059_savings_investment,NPU_00059,savings_investment,1115.22
BUD_NPU_00059_entertainment,NPU_00059,entertainment,15334.23
BUD_NPU_00059_miscellaneous,NPU_00059,miscellaneous,13940.21
BUD_NPU_00060_rent,NPU_00060,rent,611.82
BUD_NPU_00060_groceries,NPU_00060,groceries,41297.71
BUD_NPU_00060_restaurants_cafes,NPU_00060,restaurants_cafes,49251.35
BUD_NPU_00060_transport_public,NPU_00060,transport_public,38238.62
BUD_NPU_00060_transport_ride_hailing,NPU_00060,transport_ride_hailing,21413.63
BUD_NPU_00060_fuel,NPU_00060,fuel,26155.22
BUD_NPU_00060_internet_mobile,NPU_00060,internet_mobile,3670.91
BUD_NPU_00060_utilities,NPU_00060,utilities,3059.09
BUD_NPU_00060_education,NPU_00060,education,2141.36
BUD_NPU_00060_health,NPU_00060,health,5506.36
BUD_NPU_00060_family_support,NPU_00060,family_support,1529.54
BUD_NPU_00060_loan_emi,NPU_00060,loan_emi,917.73
BUD_NPU_00060_festivals_gifts,NPU_00060,festivals_gifts,2141.36
BUD_NPU_00060_clothing,NPU_00060,clothing,8565.45
BUD_NPU_00060_travel,NPU_00060,travel,1070.68
BUD_NPU_00060_subscriptions,NPU_00060,subscriptions,2447.27
BUD_NPU_00060_savings_investment,NPU_00060,savings_investment,1223.64
BUD_NPU_00060_entertainment,NPU_00060,entertainment,16824.99
BUD_NPU_00060_miscellaneous,NPU_00060,miscellaneous,22943.17
BUD_NPU_00061_rent,NPU_00061,rent,740.56
BUD_NPU_00061_groceries,NPU_00061,groceries,22721.58
BUD_NPU_00061_restaurants_cafes,NPU_00061,restaurants_cafes,19355.42
BUD_NPU_00061_transport_public,NPU_00061,transport_public,27350.04
BUD_NPU_00061_transport_ride_hailing,NPU_00061,transport_ride_hailing,11781.56
BUD_NPU_00061_fuel,NPU_00061,fuel,7573.86
BUD_NPU_00061_internet_mobile,NPU_00061,internet_mobile,2019.7
BUD_NPU_00061_utilities,NPU_00061,utilities,2356.31
BUD_NPU_00061_education,NPU_00061,education,1178.16
BUD_NPU_00061_health,NPU_00061,health,3029.54
BUD_NPU_00061_family_support,NPU_00061,family_support,841.54
BUD_NPU_00061_loan_emi,NPU_00061,loan_emi,504.92
BUD_NPU_00061_festivals_gifts,NPU_00061,festivals_gifts,1178.16
BUD_NPU_00061_clothing,NPU_00061,clothing,4712.62
BUD_NPU_00061_travel,NPU_00061,travel,589.08
BUD_NPU_00061_subscriptions,NPU_00061,subscriptions,1346.46
BUD_NPU_00061_savings_investment,NPU_00061,savings_investment,673.23
BUD_NPU_00061_entertainment,NPU_00061,entertainment,9256.94
BUD_NPU_00061_miscellaneous,NPU_00061,miscellaneous,8415.4
BUD_NPU_00062_rent,NPU_00062,rent,118.43
BUD_NPU_00062_groceries,NPU_00062,groceries,7994.24
BUD_NPU_00062_restaurants_cafes,NPU_00062,restaurants_cafes,6809.9
BUD_NPU_00062_transport_public,NPU_00062,transport_public,7402.07
BUD_NPU_00062_transport_ride_hailing,NPU_00062,transport_ride_hailing,4145.16
BUD_NPU_00062_fuel,NPU_00062,fuel,2664.75
BUD_NPU_00062_internet_mobile,NPU_00062,internet_mobile,710.6
BUD_NPU_00062_utilities,NPU_00062,utilities,592.17
BUD_NPU_00062_education,NPU_00062,education,414.52
BUD_NPU_00062_health,NPU_00062,health,1065.9
BUD_NPU_00062_family_support,NPU_00062,family_support,296.08
BUD_NPU_00062_loan_emi,NPU_00062,loan_emi,177.65
BUD_NPU_00062_festivals_gifts,NPU_00062,festivals_gifts,1036.29
BUD_NPU_00062_clothing,NPU_00062,clothing,2818.71
BUD_NPU_00062_travel,NPU_00062,travel,290.16
BUD_NPU_00062_subscriptions,NPU_00062,subscriptions,473.73
BUD_NPU_00062_savings_investment,NPU_00062,savings_investment,236.87
BUD_NPU_00062_entertainment,NPU_00062,entertainment,3256.91
BUD_NPU_00062_miscellaneous,NPU_00062,miscellaneous,2960.83
BUD_NPU_00063_rent,NPU_00063,rent,125.88
BUD_NPU_00063_groceries,NPU_00063,groceries,8497.13
BUD_NPU_00063_restaurants_cafes,NPU_00063,restaurants_cafes,17371.9
BUD_NPU_00063_transport_public,NPU_00063,transport_public,7867.71
BUD_NPU_00063_transport_ride_hailing,NPU_00063,transport_ride_hailing,4405.92
BUD_NPU_00063_fuel,NPU_00063,fuel,2832.38
BUD_NPU_00063_internet_mobile,NPU_00063,internet_mobile,755.3
BUD_NPU_00063_utilities,NPU_00063,utilities,629.42
BUD_NPU_00063_education,NPU_00063,education,440.59
BUD_NPU_00063_health,NPU_00063,health,1132.95
BUD_NPU_00063_family_support,NPU_00063,family_support,314.71
BUD_NPU_00063_loan_emi,NPU_00063,loan_emi,188.83
BUD_NPU_00063_festivals_gifts,NPU_00063,festivals_gifts,440.59
BUD_NPU_00063_clothing,NPU_00063,clothing,1762.37
BUD_NPU_00063_travel,NPU_00063,travel,330.44
BUD_NPU_00063_subscriptions,NPU_00063,subscriptions,503.53
BUD_NPU_00063_savings_investment,NPU_00063,savings_investment,251.77
BUD_NPU_00063_entertainment,NPU_00063,entertainment,6577.4
BUD_NPU_00063_miscellaneous,NPU_00063,miscellaneous,3147.08
BUD_NPU_00064_rent,NPU_00064,rent,562.56
BUD_NPU_00064_groceries,NPU_00064,groceries,37972.86
BUD_NPU_00064_restaurants_cafes,NPU_00064,restaurants_cafes,38816.7
BUD_NPU_00064_transport_public,NPU_00064,transport_public,35160.06
BUD_NPU_00064_transport_ride_hailing,NPU_00064,transport_ride_hailing,19689.63
BUD_NPU_00064_fuel,NPU_00064,fuel,12657.62
BUD_NPU_00064_internet_mobile,NPU_00064,internet_mobile,5063.05
BUD_NPU_00064_utilities,NPU_00064,utilities,2812.8
BUD_NPU_00064_education,NPU_00064,education,1968.96
BUD_NPU_00064_health,NPU_00064,health,5063.05
BUD_NPU_00064_family_support,NPU_00064,family_support,1406.4
BUD_NPU_00064_loan_emi,NPU_00064,loan_emi,843.84
BUD_NPU_00064_festivals_gifts,NPU_00064,festivals_gifts,1968.96
BUD_NPU_00064_clothing,NPU_00064,clothing,7875.85
BUD_NPU_00064_travel,NPU_00064,travel,984.48
BUD_NPU_00064_subscriptions,NPU_00064,subscriptions,3600.39
BUD_NPU_00064_savings_investment,NPU_00064,savings_investment,1125.12
BUD_NPU_00064_entertainment,NPU_00064,entertainment,15470.42
BUD_NPU_00064_miscellaneous,NPU_00064,miscellaneous,14064.02
BUD_NPU_00065_rent,NPU_00065,rent,346.82
BUD_NPU_00065_groceries,NPU_00065,groceries,23410.09
BUD_NPU_00065_restaurants_cafes,NPU_00065,restaurants_cafes,23930.31
BUD_NPU_00065_transport_public,NPU_00065,transport_public,21676.01
BUD_NPU_00065_transport_ride_hailing,NPU_00065,transport_ride_hailing,12138.57
BUD_NPU_00065_fuel,NPU_00065,fuel,7803.36
BUD_NPU_00065_internet_mobile,NPU_00065,internet_mobile,3121.35
BUD_NPU_00065_utilities,NPU_00065,utilities,1734.08
BUD_NPU_00065_education,NPU_00065,education,1213.86
BUD_NPU_00065_health,NPU_00065,health,3121.35
BUD_NPU_00065_family_support,NPU_00065,family_support,867.04
BUD_NPU_00065_loan_emi,NPU_00065,loan_emi,520.22
BUD_NPU_00065_festivals_gifts,NPU_00065,festivals_gifts,1213.86
BUD_NPU_00065_clothing,NPU_00065,clothing,4855.43
BUD_NPU_00065_travel,NPU_00065,travel,606.93
BUD_NPU_00065_subscriptions,NPU_00065,subscriptions,2219.62
BUD_NPU_00065_savings_investment,NPU_00065,savings_investment,693.63
BUD_NPU_00065_entertainment,NPU_00065,entertainment,9537.44
BUD_NPU_00065_miscellaneous,NPU_00065,miscellaneous,8670.4
BUD_NPU_00066_rent,NPU_00066,rent,85.88
BUD_NPU_00066_groceries,NPU_00066,groceries,5796.67
BUD_NPU_00066_restaurants_cafes,NPU_00066,restaurants_cafes,5925.49
BUD_NPU_00066_transport_public,NPU_00066,transport_public,10734.58
BUD_NPU_00066_transport_ride_hailing,NPU_00066,transport_ride_hailing,3005.68
BUD_NPU_00066_fuel,NPU_00066,fuel,1932.22
BUD_NPU_00066_internet_mobile,NPU_00066,internet_mobile,669.84
BUD_NPU_00066_utilities,NPU_00066,utilities,429.38
BUD_NPU_00066_education,NPU_00066,education,541.02
BUD_NPU_00066_health,NPU_00066,health,772.89
BUD_NPU_00066_family_support,NPU_00066,family_support,214.69
BUD_NPU_00066_loan_emi,NPU_00066,loan_emi,128.81
BUD_NPU_00066_festivals_gifts,NPU_00066,festivals_gifts,300.57
BUD_NPU_00066_clothing,NPU_00066,clothing,1202.27
BUD_NPU_00066_travel,NPU_00066,travel,150.28
BUD_NPU_00066_subscriptions,NPU_00066,subscriptions,343.51
BUD_NPU_00066_savings_investment,NPU_00066,savings_investment,171.75
BUD_NPU_00066_entertainment,NPU_00066,entertainment,2361.61
BUD_NPU_00066_miscellaneous,NPU_00066,miscellaneous,2146.92
BUD_NPU_00067_rent,NPU_00067,rent,329.25
BUD_NPU_00067_groceries,NPU_00067,groceries,22224.69
BUD_NPU_00067_restaurants_cafes,NPU_00067,restaurants_cafes,45437.14
BUD_NPU_00067_transport_public,NPU_00067,transport_public,20578.42
BUD_NPU_00067_transport_ride_hailing,NPU_00067,transport_ride_hailing,11523.91
BUD_NPU_00067_fuel,NPU_00067,fuel,7408.23
BUD_NPU_00067_internet_mobile,NPU_00067,internet_mobile,1975.53
BUD_NPU_00067_utilities,NPU_00067,utilities,1646.27
BUD_NPU_00067_education,NPU_00067,education,1152.39
BUD_NPU_00067_health,NPU_00067,health,2963.29
BUD_NPU_00067_family_support,NPU_00067,family_support,823.14
BUD_NPU_00067_loan_emi,NPU_00067,loan_emi,493.88
BUD_NPU_00067_festivals_gifts,NPU_00067,festivals_gifts,1152.39
BUD_NPU_00067_clothing,NPU_00067,clothing,4609.57
BUD_NPU_00067_travel,NPU_00067,travel,864.29
BUD_NPU_00067_subscriptions,NPU_00067,subscriptions,1317.02
BUD_NPU_00067_savings_investment,NPU_00067,savings_investment,658.51
BUD_NPU_00067_entertainment,NPU_00067,entertainment,17203.56
BUD_NPU_00067_miscellaneous,NPU_00067,miscellaneous,8231.37
BUD_NPU_00068_rent,NPU_00068,rent,200.12
BUD_NPU_00068_groceries,NPU_00068,groceries,13507.92
BUD_NPU_00068_restaurants_cafes,NPU_00068,restaurants_cafes,11506.75
BUD_NPU_00068_transport_public,NPU_00068,transport_public,12507.34
BUD_NPU_00068_transport_ride_hailing,NPU_00068,transport_ride_hailing,7004.11
BUD_NPU_00068_fuel,NPU_00068,fuel,4502.64
BUD_NPU_00068_internet_mobile,NPU_00068,internet_mobile,1200.7
BUD_NPU_00068_utilities,NPU_00068,utilities,1000.59
BUD_NPU_00068_education,NPU_00068,education,980.58
BUD_NPU_00068_health,NPU_00068,health,2161.27
BUD_NPU_00068_family_support,NPU_00068,family_support,1400.82
BUD_NPU_00068_loan_emi,NPU_00068,loan_emi,300.18
BUD_NPU_00068_festivals_gifts,NPU_00068,festivals_gifts,700.41
BUD_NPU_00068_clothing,NPU_00068,clothing,2801.64
BUD_NPU_00068_travel,NPU_00068,travel,350.21
BUD_NPU_00068_subscriptions,NPU_00068,subscriptions,800.47
BUD_NPU_00068_savings_investment,NPU_00068,savings_investment,400.23
BUD_NPU_00068_entertainment,NPU_00068,entertainment,5503.23
BUD_NPU_00068_miscellaneous,NPU_00068,miscellaneous,5002.93
BUD_NPU_00069_rent,NPU_00069,rent,580.25
BUD_NPU_00069_groceries,NPU_00069,groceries,39167.16
BUD_NPU_00069_restaurants_cafes,NPU_00069,restaurants_cafes,33364.62
BUD_NPU_00069_transport_public,NPU_00069,transport_public,36265.89
BUD_NPU_00069_transport_ride_hailing,NPU_00069,transport_ride_hailing,20308.9
BUD_NPU_00069_fuel,NPU_00069,fuel,13055.72
BUD_NPU_00069_internet_mobile,NPU_00069,internet_mobile,3481.53
BUD_NPU_00069_utilities,NPU_00069,utilities,2901.27
BUD_NPU_00069_education,NPU_00069,education,2843.25
BUD_NPU_00069_health,NPU_00069,health,6266.75
BUD_NPU_00069_family_support,NPU_00069,family_support,4061.78
BUD_NPU_00069_loan_emi,NPU_00069,loan_emi,870.38
BUD_NPU_00069_festivals_gifts,NPU_00069,festivals_gifts,2030.89
BUD_NPU_00069_clothing,NPU_00069,clothing,8123.56
BUD_NPU_00069_travel,NPU_00069,travel,1015.44
BUD_NPU_00069_subscriptions,NPU_00069,subscriptions,2321.02
BUD_NPU_00069_savings_investment,NPU_00069,savings_investment,1160.51
BUD_NPU_00069_entertainment,NPU_00069,entertainment,15956.99
BUD_NPU_00069_miscellaneous,NPU_00069,miscellaneous,14506.36
BUD_NPU_00070_rent,NPU_00070,rent,575.82
BUD_NPU_00070_groceries,NPU_00070,groceries,38868.18
BUD_NPU_00070_restaurants_cafes,NPU_00070,restaurants_cafes,33109.93
BUD_NPU_00070_transport_public,NPU_00070,transport_public,35989.06
BUD_NPU_00070_transport_ride_hailing,NPU_00070,transport_ride_hailing,20153.87
BUD_NPU_00070_fuel,NPU_00070,fuel,12956.06
BUD_NPU_00070_internet_mobile,NPU_00070,internet_mobile,3454.95
BUD_NPU_00070_utilities,NPU_00070,utilities,2879.12
BUD_NPU_00070_education,NPU_00070,education,2821.54
BUD_NPU_00070_health,NPU_00070,health,6218.91
BUD_NPU_00070_family_support,NPU_00070,family_support,4030.77
BUD_NPU_00070_loan_emi,NPU_00070,loan_emi,863.74
BUD_NPU_00070_festivals_gifts,NPU_00070,festivals_gifts,2015.39
BUD_NPU_00070_clothing,NPU_00070,clothing,8061.55
BUD_NPU_00070_travel,NPU_00070,travel,1007.69
BUD_NPU_00070_subscriptions,NPU_00070,subscriptions,2303.3
BUD_NPU_00070_savings_investment,NPU_00070,savings_investment,1151.65
BUD_NPU_00070_entertainment,NPU_00070,entertainment,15835.19
BUD_NPU_00070_miscellaneous,NPU_00070,miscellaneous,14395.62
BUD_NPU_00071_rent,NPU_00071,rent,43.06
BUD_NPU_00071_groceries,NPU_00071,groceries,2906.22
BUD_NPU_00071_restaurants_cafes,NPU_00071,restaurants_cafes,2970.8
BUD_NPU_00071_transport_public,NPU_00071,transport_public,5381.89
BUD_NPU_00071_transport_ride_hailing,NPU_00071,transport_ride_hailing,1506.93
BUD_NPU_00071_fuel,NPU_00071,fuel,968.74
BUD_NPU_00071_internet_mobile,NPU_00071,internet_mobile,335.83
BUD_NPU_00071_utilities,NPU_00071,utilities,215.28
BUD_NPU_00071_education,NPU_00071,education,271.25
BUD_NPU_00071_health,NPU_00071,health,387.5
BUD_NPU_00071_family_support,NPU_00071,family_support,107.64
BUD_NPU_00071_loan_emi,NPU_00071,loan_emi,64.58
BUD_NPU_00071_festivals_gifts,NPU_00071,festivals_gifts,150.69
BUD_NPU_00071_clothing,NPU_00071,clothing,602.77
BUD_NPU_00071_travel,NPU_00071,travel,75.35
BUD_NPU_00071_subscriptions,NPU_00071,subscriptions,172.22
BUD_NPU_00071_savings_investment,NPU_00071,savings_investment,86.11
BUD_NPU_00071_entertainment,NPU_00071,entertainment,1184.02
BUD_NPU_00071_miscellaneous,NPU_00071,miscellaneous,1076.38
BUD_NPU_00072_rent,NPU_00072,rent,20.93
BUD_NPU_00072_groceries,NPU_00072,groceries,1412.98
BUD_NPU_00072_restaurants_cafes,NPU_00072,restaurants_cafes,1444.38
BUD_NPU_00072_transport_public,NPU_00072,transport_public,2616.63
BUD_NPU_00072_transport_ride_hailing,NPU_00072,transport_ride_hailing,732.66
BUD_NPU_00072_fuel,NPU_00072,fuel,470.99
BUD_NPU_00072_internet_mobile,NPU_00072,internet_mobile,163.28
BUD_NPU_00072_utilities,NPU_00072,utilities,104.67
BUD_NPU_00072_education,NPU_00072,education,131.88
BUD_NPU_00072_health,NPU_00072,health,188.4
BUD_NPU_00072_family_support,NPU_00072,family_support,52.33
BUD_NPU_00072_loan_emi,NPU_00072,loan_emi,31.4
BUD_NPU_00072_festivals_gifts,NPU_00072,festivals_gifts,73.27
BUD_NPU_00072_clothing,NPU_00072,clothing,293.06
BUD_NPU_00072_travel,NPU_00072,travel,36.63
BUD_NPU_00072_subscriptions,NPU_00072,subscriptions,83.73
BUD_NPU_00072_savings_investment,NPU_00072,savings_investment,41.87
BUD_NPU_00072_entertainment,NPU_00072,entertainment,575.66
BUD_NPU_00072_miscellaneous,NPU_00072,miscellaneous,523.33
BUD_NPU_00073_rent,NPU_00073,rent,423.55
BUD_NPU_00073_groceries,NPU_00073,groceries,28589.61
BUD_NPU_00073_restaurants_cafes,NPU_00073,restaurants_cafes,24354.11
BUD_NPU_00073_transport_public,NPU_00073,transport_public,26471.86
BUD_NPU_00073_transport_ride_hailing,NPU_00073,transport_ride_hailing,14824.24
BUD_NPU_00073_fuel,NPU_00073,fuel,9529.87
BUD_NPU_00073_internet_mobile,NPU_00073,internet_mobile,2541.3
BUD_NPU_00073_utilities,NPU_00073,utilities,2117.75
BUD_NPU_00073_education,NPU_00073,education,2075.39
BUD_NPU_00073_health,NPU_00073,health,4574.34
BUD_NPU_00073_family_support,NPU_00073,family_support,2964.85
BUD_NPU_00073_loan_emi,NPU_00073,loan_emi,635.32
BUD_NPU_00073_festivals_gifts,NPU_00073,festivals_gifts,1482.42
BUD_NPU_00073_clothing,NPU_00073,clothing,5929.7
BUD_NPU_00073_travel,NPU_00073,travel,741.21
BUD_NPU_00073_subscriptions,NPU_00073,subscriptions,1694.2
BUD_NPU_00073_savings_investment,NPU_00073,savings_investment,847.1
BUD_NPU_00073_entertainment,NPU_00073,entertainment,11647.62
BUD_NPU_00073_miscellaneous,NPU_00073,miscellaneous,10588.74
BUD_NPU_00074_rent,NPU_00074,rent,384.94
BUD_NPU_00074_groceries,NPU_00074,groceries,11810.75
BUD_NPU_00074_restaurants_cafes,NPU_00074,restaurants_cafes,10061.01
BUD_NPU_00074_transport_public,NPU_00074,transport_public,14216.64
BUD_NPU_00074_transport_ride_hailing,NPU_00074,transport_ride_hailing,6124.09
BUD_NPU_00074_fuel,NPU_00074,fuel,3936.92
BUD_NPU_00074_internet_mobile,NPU_00074,internet_mobile,1049.84
BUD_NPU_00074_utilities,NPU_00074,utilities,1224.82
BUD_NPU_00074_education,NPU_00074,education,612.41
BUD_NPU_00074_health,NPU_00074,health,1574.77
BUD_NPU_00074_family_support,NPU_00074,family_support,437.44
BUD_NPU_00074_loan_emi,NPU_00074,loan_emi,262.46
BUD_NPU_00074_festivals_gifts,NPU_00074,festivals_gifts,612.41
BUD_NPU_00074_clothing,NPU_00074,clothing,2449.64
BUD_NPU_00074_travel,NPU_00074,travel,306.2
BUD_NPU_00074_subscriptions,NPU_00074,subscriptions,699.9
BUD_NPU_00074_savings_investment,NPU_00074,savings_investment,349.95
BUD_NPU_00074_entertainment,NPU_00074,entertainment,4811.79
BUD_NPU_00074_miscellaneous,NPU_00074,miscellaneous,4374.35
BUD_NPU_00075_rent,NPU_00075,rent,685.81
BUD_NPU_00075_groceries,NPU_00075,groceries,46292.37
BUD_NPU_00075_restaurants_cafes,NPU_00075,restaurants_cafes,55207.93
BUD_NPU_00075_transport_public,NPU_00075,transport_public,42863.3
BUD_NPU_00075_transport_ride_hailing,NPU_00075,transport_ride_hailing,24003.45
BUD_NPU_00075_fuel,NPU_00075,fuel,29318.5
BUD_NPU_00075_internet_mobile,NPU_00075,internet_mobile,4114.88
BUD_NPU_00075_utilities,NPU_00075,utilities,3429.06
BUD_NPU_00075_education,NPU_00075,education,2400.34
BUD_NPU_00075_health,NPU_00075,health,6172.32
BUD_NPU_00075_family_support,NPU_00075,family_support,1714.53
BUD_NPU_00075_loan_emi,NPU_00075,loan_emi,1028.72
BUD_NPU_00075_festivals_gifts,NPU_00075,festivals_gifts,2400.34
BUD_NPU_00075_clothing,NPU_00075,clothing,9601.38
BUD_NPU_00075_travel,NPU_00075,travel,1200.17
BUD_NPU_00075_subscriptions,NPU_00075,subscriptions,2743.25
BUD_NPU_00075_savings_investment,NPU_00075,savings_investment,1371.63
BUD_NPU_00075_entertainment,NPU_00075,entertainment,18859.85
BUD_NPU_00075_miscellaneous,NPU_00075,miscellaneous,25717.98
BUD_NPU_00076_rent,NPU_00076,rent,324.2
BUD_NPU_00076_groceries,NPU_00076,groceries,28448.55
BUD_NPU_00076_restaurants_cafes,NPU_00076,restaurants_cafes,18641.5
BUD_NPU_00076_transport_public,NPU_00076,transport_public,24315.0
BUD_NPU_00076_transport_ride_hailing,NPU_00076,transport_ride_hailing,11347.0
BUD_NPU_00076_fuel,NPU_00076,fuel,7294.5
BUD_NPU_00076_internet_mobile,NPU_00076,internet_mobile,2334.24
BUD_NPU_00076_utilities,NPU_00076,utilities,1621.0
BUD_NPU_00076_education,NPU_00076,education,1134.7
BUD_NPU_00076_health,NPU_00076,health,2917.8
BUD_NPU_00076_family_support,NPU_00076,family_support,810.5
BUD_NPU_00076_loan_emi,NPU_00076,loan_emi,486.3
BUD_NPU_00076_festivals_gifts,NPU_00076,festivals_gifts,1134.7
BUD_NPU_00076_clothing,NPU_00076,clothing,4538.8
BUD_NPU_00076_travel,NPU_00076,travel,567.35
BUD_NPU_00076_subscriptions,NPU_00076,subscriptions,1296.8
BUD_NPU_00076_savings_investment,NPU_00076,savings_investment,648.4
BUD_NPU_00076_entertainment,NPU_00076,entertainment,8915.5
BUD_NPU_00076_miscellaneous,NPU_00076,miscellaneous,8105.0
BUD_NPU_00077_rent,NPU_00077,rent,67.76
BUD_NPU_00077_groceries,NPU_00077,groceries,4573.69
BUD_NPU_00077_restaurants_cafes,NPU_00077,restaurants_cafes,4675.33
BUD_NPU_00077_transport_public,NPU_00077,transport_public,8469.8
BUD_NPU_00077_transport_ride_hailing,NPU_00077,transport_ride_hailing,2371.54
BUD_NPU_00077_fuel,NPU_00077,fuel,1524.56
BUD_NPU_00077_internet_mobile,NPU_00077,internet_mobile,528.52
BUD_NPU_00077_utilities,NPU_00077,utilities,338.79
BUD_NPU_00077_education,NPU_00077,education,426.88
BUD_NPU_00077_health,NPU_00077,health,609.83
BUD_NPU_00077_family_support,NPU_00077,family_support,169.4
BUD_NPU_00077_loan_emi,NPU_00077,loan_emi,101.64
BUD_NPU_00077_festivals_gifts,NPU_00077,festivals_gifts,237.15
BUD_NPU_00077_clothing,NPU_00077,clothing,948.62
BUD_NPU_00077_travel,NPU_00077,travel,118.58
BUD_NPU_00077_subscriptions,NPU_00077,subscriptions,271.03
BUD_NPU_00077_savings_investment,NPU_00077,savings_investment,135.52
BUD_NPU_00077_entertainment,NPU_00077,entertainment,1863.36
BUD_NPU_00077_miscellaneous,NPU_00077,miscellaneous,1693.96
BUD_NPU_00078_rent,NPU_00078,rent,563.88
BUD_NPU_00078_groceries,NPU_00078,groceries,17300.73
BUD_NPU_00078_restaurants_cafes,NPU_00078,restaurants_cafes,14737.66
BUD_NPU_00078_transport_public,NPU_00078,transport_public,20824.95
BUD_NPU_00078_transport_ride_hailing,NPU_00078,transport_ride_hailing,8970.75
BUD_NPU_00078_fuel,NPU_00078,fuel,5766.91
BUD_NPU_00078_internet_mobile,NPU_00078,internet_mobile,1537.84
BUD_NPU_00078_utilities,NPU_00078,utilities,1794.15
BUD_NPU_00078_education,NPU_00078,education,897.07
BUD_NPU_00078_health,NPU_00078,health,2306.76
BUD_NPU_00078_family_support,NPU_00078,family_support,640.77
BUD_NPU_00078_loan_emi,NPU_00078,loan_emi,384.46
BUD_NPU_00078_festivals_gifts,NPU_00078,festivals_gifts,897.07
BUD_NPU_00078_clothing,NPU_00078,clothing,3588.3
BUD_NPU_00078_travel,NPU_00078,travel,448.54
BUD_NPU_00078_subscriptions,NPU_00078,subscriptions,1025.23
BUD_NPU_00078_savings_investment,NPU_00078,savings_investment,512.61
BUD_NPU_00078_entertainment,NPU_00078,entertainment,7048.45
BUD_NPU_00078_miscellaneous,NPU_00078,miscellaneous,6407.68
BUD_NPU_00079_rent,NPU_00079,rent,392.31
BUD_NPU_00079_groceries,NPU_00079,groceries,26481.05
BUD_NPU_00079_restaurants_cafes,NPU_00079,restaurants_cafes,31581.11
BUD_NPU_00079_transport_public,NPU_00079,transport_public,24519.5
BUD_NPU_00079_transport_ride_hailing,NPU_00079,transport_ride_hailing,13730.92
BUD_NPU_00079_fuel,NPU_00079,fuel,16771.33
BUD_NPU_00079_internet_mobile,NPU_00079,internet_mobile,2353.87
BUD_NPU_00079_utilities,NPU_00079,utilities,1961.56
BUD_NPU_00079_education,NPU_00079,education,1373.09
BUD_NPU_00079_health,NPU_00079,health,3530.81
BUD_NPU_00079_family_support,NPU_00079,family_support,980.78
BUD_NPU_00079_loan_emi,NPU_00079,loan_emi,588.47
BUD_NPU_00079_festivals_gifts,NPU_00079,festivals_gifts,1373.09
BUD_NPU_00079_clothing,NPU_00079,clothing,5492.37
BUD_NPU_00079_travel,NPU_00079,travel,686.55
BUD_NPU_00079_subscriptions,NPU_00079,subscriptions,1569.25
BUD_NPU_00079_savings_investment,NPU_00079,savings_investment,784.62
BUD_NPU_00079_entertainment,NPU_00079,entertainment,10788.58
BUD_NPU_00079_miscellaneous,NPU_00079,miscellaneous,14711.7
BUD_NPU_00080_rent,NPU_00080,rent,329.03
BUD_NPU_00080_groceries,NPU_00080,groceries,22209.74
BUD_NPU_00080_restaurants_cafes,NPU_00080,restaurants_cafes,26487.17
BUD_NPU_00080_transport_public,NPU_00080,transport_public,20564.57
BUD_NPU_00080_transport_ride_hailing,NPU_00080,transport_ride_hailing,11516.16
BUD_NPU_00080_fuel,NPU_00080,fuel,14066.17
BUD_NPU_00080_internet_mobile,NPU_00080,internet_mobile,1974.2
BUD_NPU_00080_utilities,NPU_00080,utilities,1645.17
BUD_NPU_00080_education,NPU_00080,education,1151.62
BUD_NPU_00080_health,NPU_00080,health,2961.3
BUD_NPU_00080_family_support,NPU_00080,family_support,822.58
BUD_NPU_00080_loan_emi,NPU_00080,loan_emi,493.55
BUD_NPU_00080_festivals_gifts,NPU_00080,festivals_gifts,1151.62
BUD_NPU_00080_clothing,NPU_00080,clothing,4606.46
BUD_NPU_00080_travel,NPU_00080,travel,575.81
BUD_NPU_00080_subscriptions,NPU_00080,subscriptions,1316.13
BUD_NPU_00080_savings_investment,NPU_00080,savings_investment,658.07
BUD_NPU_00080_entertainment,NPU_00080,entertainment,9048.41
BUD_NPU_00080_miscellaneous,NPU_00080,miscellaneous,12338.74
